com.google.android.apps.maps,qCgBWiCu85+h4H0RpkAf9WHnwKtI2dKCuHhBI2FU0mc=
com.headupnav.remotify,6wvl5Y9zBewWauF3mCi7v3Ymx7aNek5ldHJjrUNtZWE=
com.dci.dev.ioswidgets,4C2qLNwzq9aZe+jioMK09GEDNLM8QsjhQC/MIRA+DRo=
com.logitech.ueboom,3ig5DBKz+zeoTgVvaDIGJvQmlVNIOrtPqieuzgJWF2k=
com.makro_music.app,/EzTmH9op/mB8EcezV1SgOFchai21D7vpc7bVsbq/a0=
com.dofun.variety,AT7cELoB7ptZy35LfwK1bT+4vfAJe6CVbEqpEPr+ZWE=
com.melodis.midomiMusicIdentifier.freemium,x+EBnUT2dJpKFvvYapX6HDh2DkuEMwsdS9TXvg/JwrM=
nl.jumbo.hitster,4rRWZ1HpnD3OOeCkPkDEeKCZth8BMeGyOljgrf4Jo6A=
com.sec.android.app.clockpackage,YCmNjky2+5u7SJiO6QPwae6I/amZ9KcV9MwzblRaAp4=
com.urbandroid.sleep,QsVa+b/PimTarT6PH+BoEQaZ9x1fSCsrOUssYMZyoRA=
co.benx.weverse,5IXJOCHcN8KeWLvD6UoPSzAEl+2gEzHzHsm1L26QLNE=
net.easyconn.carman.wws,a6VwzXeJ+lyqMLl4qPKcuYgamBo+DRi7uagJh9wURJw=
me.hufman.androidautoidrive,X2A7T/dz3+q042O4Rw6HSbsXyAwoT65MRN46s1hMoW4=
com.studiosol.player.letras,sT/trwbVqBn2wN1Wf0Gl5+JIcouZ2xpawcjnFrrbG9c=
com.faladdin.app,/UDbSHTwPGI7i5/7yWXQsuSGXjvAepot4HGsAdENusw=
com.tobik.audiobookspotify,IHJSRaXDeYtrDBdooVAP5GRPpBnMIAgSvNluqQHhx9o=
com.ultimateguitar.tabs,Tls5djczlwAN2h3/7CEQNzU6zteuCJKTYgs914Cte/I=
com.mejmun.goodnightspotify,Ohdvk4EOOdIvdKtnvbchbJR5wxEOsJ8TJNqeSG5NG6U=
com.meetthemusicapp,HRYhCKCiHeAqzsoSuxuIiykYMfWW6Z0w8pG9vxFoljc=
com.cardo.smartset,cx4heQ19tf4pooYTgZ3uid6Xv7JlhSZWwyGwNr77ohk=
com.gooom.android.fanadvertise,93JUGsB5YrDl8tewbDCqmrWeexovbttU0DxZzza7G4c=
org.virock.virtualshufflev2,L5uvlY/yRirlyBOFFskkcyw85p707CjkcCNEIFB2i1U=
com.rubato.multi,vjlAXzdxSPqbm9N0SHCNm/+iHGwU/9McigIisCAUmxI=
com.pulseapp,wOKpBhzlk0NmZH3yUlVq5jIkON1J1j2FK7/T+0RvRU8=
com.mobiteka.spot,OGtY/AGMl2z0E46TLQjUycidYeYuMsD1RIHr+kHhMWo=
ai.perplexity.app.android,/ifBd7RgXjxhbf2fDqc8PGUT7pHWtNvAlLt3HTg5IP8=
com.apzumi.mobile.dietlabs.dietByAnn,Tx6DAu3HglfjjlzryecsKiA/anZUPichmb7WiaCpj2I=
com.mk.sign.spotifyv2,SPSqAWaCY3O3mPtnVpcYnOtb4mtSDKMo3KYzQ15qYK0=
com.melodis.midomiMusicIdentifier,x+EBnUT2dJpKFvvYapX6HDh2DkuEMwsdS9TXvg/JwrM=
com.tw.spotify,EsZYrzhujmQmBGcj2ZRhOupYCqGwT+IeFT11zwKmfiY=
com.google.android.deskclock,1lrX2WL/hz+ySjsPlOw4J2pg9Zy859E9SzDym2GaqEc=
projekt.auto,Zl6gpOTaWN41N2G+0tYZBK91bHb2mlKMwKXe8Nco+Ek=
com.satisfyer.connect,B7ScrYEflivh7c3rjdGpk76+NfhSzjTnsjs+eTm49KI=
com.nightlife.crowdDJ,QZQngMF20RLAB0zk1WPHa33QaErx4mR0OYecDKlokkw=
com.waze,R9GYx93xHhDuqXuzRDU+JHjKb9lt41T/6O6fYDv0c8o=
jp.co.casio.CasioMusicCity,xj67gS261rEddH6ecGWlaxSq4VJKzt6sjoRhbtgtHyg=
com.neuberapps.spotibooks,gi3iRplN/9wWRJRUd1AXtlHdrRqncg4JtpMs5hgPs3o=
studio.md.playlist,XoNc52pNfagD1ubSIx5xHmi7jYqGYh1/wZQyBDz87VQ=
com.songbookpro.songbookpro,3a40Aigphh3q2cU4XotV4XDfzlUVPjB394bHv5JggxA=
com.sixdays.truckerpath,vWNhLwzNxaR23Ch940vRD8iy/dDu/x3bHGGl+b5EW7k=
com.example.spotdj,76yKDpQjxn1ewf3pOEJlGCgh0cthIyDNWAqYmx05mkI=
com.ultimateguitar.ugpro,Tls5djczlwAN2h3/7CEQNzU6zteuCJKTYgs914Cte/I=
com.malek.alarmamore,P2cuP18SPO8ns1bdhUQ48MAJXJT41cOf/BPPMGRg6pA=
com.samsung.android.app.spage,bOM6EUYYCy9BcPVnrk7OCcXT+vyciaj6xmwADZQ8Fn8=
com.IntelligentTrainingGroup.IntelligentCycling,6SCppa1w8iI4xdLpTQgrrDPwjLuXUipcXf6yFHkdyLo=
com.example.chitchat,IAp57mzDkF2TtAi4d9j1r81FQxgX/PwrornWVgSiEz8=
com.hdms.manager,DC0N/PawJbEyBOTpIXys8cu8PNYh8fwFKdICSgom96I=
women.workout.female.fitness,CEIvdDPX+9u89k2OaR8vb+mpjKnhdn8LkWb/XuTz+Us=
cs10.apps.android.statsforspotify,rw/2dIJBCeK3PPe/nQ5Gw2mmZEP/3fAr84GeqflOfvk=
hdesign.theclock,hwvLFzhkQj2rUJP6UFwZvBIPKlDFAK+Im6IsnANq6ss=
com.umusic.lola,sHiX+P8gOorx0u+E9sS3pXhXx199Sj4u5uAsUsrutP8=
com.turbo.alarm,+EUHHh8f3CBJ0Dv+W7RQSg3ZvsI+C2ZlSjigGsV1Xmc=
co.retromusic.app2,Y/Lx+/xJtcCIGXx8Bnh3C4Ny/yBvJ0rLgd0NTYol/oM=
gutrund.withbutton,qmqJ514SwWKixmmTrCvgrvkR9Z0mHmGtvsfRY+BJI6I=
com.hdms.manager_ttablet,YI42/C3FWrCw9RD/xtaCOPLRA28kNsBnzkPFIERnZTo=
com.nicolomontesano.widgetforspotify,iZzesQmIcze8q8E5HcFJ835HC3FKr72Q32aCJE8QM5E=
com.openautodash,52D/hgXgBNJ1/XvBVLYRYLhsOCbH1ekf/M3aqVs779U=
de.gymondo.app.gymondo,wO2DZ75vl5BYpwJ9RLUc3Ou3DroCpVRHHeMn1NVV9XE=
com.bandsintown,ORXkLttEdO35M3SpcQ0lHoocvoyaLtnosHrIveP5IHk=
xyz.angeldev.flux,NNgUgO35ALtBCkzSdvZsQ7R0v+oilxXyEccCaqtE4y8=
com.wssc.simpleclock,7hh24Cw3fToMcMkfjfYZydc4L7IMhRpAAXPq1Pt/UNU=
hk.com.solos.airgo,99PENEwqf0X7KCyzTHU7zVMuAtxtDaqk0StLGAivuic=
com.matt.spotifyqrplayer,FxdEnoNtqNb0ZF7ZNOAOrFdD/Zw5PuouPutSJvVOaLE=
fm.hangout.app,Nj/FeBCpYhww2GsQi2jTu+pUr0DoSjW7DtQhuI6uGLs=
com.vum,+9rFeWNphLLm//cXR1nT1Vk1dVE0P7Q8HeopFVT+DRI=
com.univthink.partymusicjukeboxhosts,yN/sXybxEsnGiI+KZ3xNfSH4us4iz43ObPFxIAfPKrI=
nl.joragames.qrmusiccards,fqAPu0KDBSkgbpBNQPALiZ1ysnwdXjmF7DMJiO9FzuE=
com.anthems.music,L5+H+vrEBHCLw5+k7aAQS6lvM7KvCU/i4znVuk8HSwQ=
com.eryanet.global,eycM9qCBaC46rmfGzOXFFZSRbbQmpatA/2lgRGm7FH4=
nl.dibarto.simplify,AAAfmssTkN4hIT4TT8WT1QJ+6n5C9PI7e/Poos8tSHk=
com.visionforhome,Z8F/sxPe+rjUa5u/VKksR439yciGj18lrPEg43WXNxU=
com.sebschaef.podify,0XskIL9vGaUyXgW5r94AJO6WO1RMNKNT/Em6IBJ2iTo=
app.getatoms.android,TZ6o5kVO7+PjikqlhMbLSRRkFvetcZEqSHKIDcQwpCc=
com.nothing.smartcenter,d/UzHT7LDRjw3T7MS8GiTzMtZlXEHDqc6oqATxGoRQY=
com.cerence.cara.launcher,+HgnOyStyCEHjAEVUOQCRQrwhWkdLixQWkpGu45q1GM=
com.beatlrc.android,yF0RGmNEjsehIbWJp9sodcjrmiG9DDLTI3TRhjXD+cQ=
br.com.thetown.app,6H9eOCmrglHoa89RfmvstwK1A1YBweUHonaIWH7EjI0=
com.edgescreen.edgeaction,DqnukpYfpfCq0zZOycjMtiXszEPUIxx3wj9U2WnKqaI=
io.boltt.coin.app,e2LYCrVboyQlGCcKojHjhAaCzyRmTraeKg89t7NYggk=
com.dofun.variety,lOPHqOdB73atIXugcPL+AU1TPBx8SQ768wYBmYjjmFo=
com.courtneyblack.courtneyblack,WnHjzFVjjjJjOlfJyyi7k+Vcmhl07UIFuTrgy8FbCDA=
com.technogym.myrun,HhXBphbSDcEeAfr2WXGjeQd68Ug7Ym1H6sqe4myvq6w=
com.google.android.apps.gmm.qp,qCgBWiCu85+h4H0RpkAf9WHnwKtI2dKCuHhBI2FU0mc=
nl.rickgroenewegen.qrsong,82vpCYT2oCJigVJaAtX0jLh7tv0FT1J4XU8INMsDrNc=
com.navguard,IYp4ZmSWFRo/zz/U9niLepImeKvykjAWuiN7kYVFBlc=
com.yf.teyesspotify,nSWCUrJpEiKf3hzNH/3wJmAiCGGKQ+hEMbwrL9BQXKI=
com.example.chitchat,xN0uLTVDlhfS3Kq7YokPFwY3sbKbS2sFBeHnFIK/5Mg=
com.osmooza.spotilicious,kXXlZcWtr/CL6Z51zPNEoYTqbI2ke9Wz2uwUff46zpw=
de.timklge.karoospintunes,aWXK4pMddXVRP2BsV7G5I31sX47jlm2nqMZY1AwjGZQ=
com.worldtech.music,Qv2Hvfn+jnh6JJ3kGzBHax2img9i9BR9qiXYKhDQnvU=
com.jidouauto.spotify,rJDWbw93+mGAaLNPbfYpl2lx/PW0O6y0jBeKYcCaFZE=
com.beatlrc.mobile,z7vphvkFqc35qGmHzSdbKM19ORnqfApNZ1r0QHgoBG0=
de.supersoftware3000.audiobookify,UMnkB0R/AJrzWaJ5BbKsMFSjetvlkKJP9/iGo2G1c0k=
com.nanjoran.ilightshow,cUbfY7GluLPbxZE9D1khaMA6GH2kAGRwoieVmWxHra0=
com.inbizio,k5zFzK/xWqHl3uQ5VH4+ELuHvmXOjRmGiNA9ajWh4GQ=
de.smartchord.droid,UVgOFxoZscVgXpnKUYR7lQkAmJSIVRjMNgkI4DxOy/s=
org.example.moodify,DxyA5ZVj3RgPKjrbC3OUlHNwwhbEkKFuNhfMMOxttP0=
com.qti.musicdomainservice,MaDDzah8m6lwL7kwkfHeza4RVrEAn6URmGB6/N+jHT4=
com.pakama,xxeRzF6WqU3zBS/mP63C5yl8VHvV5nDiLg4fj+9/Fwc=
com.billy.mapbox,t05qG2UwlB9sFmi+GAePmHxA6m2K3QSYV0TkHr5E+J8=
com.liamk.rhythm,jQqcWB0ETLBRMoXoZ6Rp2wQSZM2Eg/ycbBWCADgn9bc=
com.pumapumatrac,NiOT8UAn/c2pm7M1gA3eauL0/mKcMAYhun7bW5TWRGk=
com.abominabl31.playlists.forever,YDPQgxGTBlzhjFHRi68C3+9Q4glCET5Y9ZXkUEu3ONE=
com.ohmibod.remote2,JMqA+zsKTwvbO+y2LgVkmmCEIwLsrLorj7Zwb4teOQk=
jp.syncpower.android.petitlyrics.maker,2CcY5qI69v0pmzt4HatIpXPD6c4Z/soH6DGGVpsHXNg=
com.scuba156.carapp,WgoehPFfm3pO0HWWTpaKrC4X6grNtEg5E7CSK+vfuVE=
com.example.myapplication,BoxcJ8OFfWhbjAZJiQ6GEDpln2gTBt8oB9WzdQMVFqU=
com.beatify.app,z7vphvkFqc35qGmHzSdbKM19ORnqfApNZ1r0QHgoBG0=
com.mobilize.carlauncher,9mmpEyD5OaoMBjPkaSYfvqNT2Bj5Qg9pXvtjL7BVKlI=
com.zoundindustries.AdidasHeadphones,R9MsY5R+7vjlCPN1ytpx0dTtjh11t7Nur0yCxThnk9Y=
com.triplepoint.hawkeye,dMDHmINGLp1uvc+AXhoQ3KNyGaKjD5BMitbRztun8Yw=
com.example.lilifly,U7ag6NcvAG00Ua0h6QVUzyFIg0NTTjJQiRMfazZzCRw=
com.mobdeve.s18.group9.dinosync,mc0BmI77NL9GtikKHV255D33/MK5zs7CJfu0Ono0iwc=
com.cleartwo.tvapplication,JLqK3s3hGu0kcFa9JcyO4t7OvxvqU5t7a2z7M78sRv4=
com.michaeldjay.spotifytranscribetool.dev,5twMj+6OIJV5/vY23uu2tuCdmfC9FfPjXOz9TWB34Y4=
com.oneplus.health.international,rD1Wl88ORE4zgOT1mUCWR1eeeSos3drYd6hDx4SUsmw=
app.web.trimifymusic,kLL3jb5q+KMwBqwJlrpua+gwdOFFDjEyky+ihEc4Hsw=
fit.goper.goper,zI1EuYKT4okPmdj85uCbDGBr6GXpTA5ALBIl6eQnbzE=
com.headupnav.remotify,qCgBWiCu85+h4H0RpkAf9WHnwKtI2dKCuHhBI2FU0mc=
ca.doophie.swipelauncher,goVgg1bl/hnMTZgQTvBLaERoz6lO5ULQu6gflEX8ZlY=
com.developer.nicol.spotywidg,iZzesQmIcze8q8E5HcFJ835HC3FKr72Q32aCJE8QM5E=
spark.me.spotwidget.free,QOHyqjrtQLVSJEOoFCpPXICdyWhLkyeAWUM4EOGyR3c=
pl.genso.vacuactivapp,3PfMrAFnSSIzJpANA+NStKdjkbBzaRox1eJnwC62rPA=
com.google.android.apps.maps,AT7cELoB7ptZy35LfwK1bT+4vfAJe6CVbEqpEPr+ZWE=
com.singaporegp,JNE+5RGh6p8RLMqhxhs7YwF0Hqa+W8HsRmnYGyOYJ5Q=
com.example.mvvmarchitecture,CDGK9R4fwnVxDkvs/2AXm25/zBqReBKNtJxzBEc8UAc=
com.beatlrc.music,z7vphvkFqc35qGmHzSdbKM19ORnqfApNZ1r0QHgoBG0=
net.togethring.togethring,3L2DUz9cKzNWQEycZ9DVwd07BmpksYGbtzWXHB1fez8=
com.example.kernelv6,1r4oM3/D3TaiDj2elBx3VFmuttNEW9NTqtFMy7lUoe4=
com.aispeech.lyra.assistant,O13TWZ5MpR/VtZs5XKWfSYtDURb0W1bmYM6y6jLP5/g=
com.cartizan.musiccontroller,vY4K+hRycC9xxYrFoAVHFzZQvPOjVIXC1DBQMLqxArQ=
com.pioneer.mapbox_bt_phone2tab.full,xUGcUmlUDxk2KJQ7cB0L8iq1/fGG8QsCblvl2uDfiKs=
com.umusic.richter,ZohAM1lsc+5iJJLOqGMRwm9qHVr85yJicrIseoFr4zk=
com.example.hitster,q1RnefdeCFQmcDvJkwuWiupSL1lvrh6pY1kvDk8uef4=
com.mubo.musicbox,MjIQv/ZNZ7DzOrdQM0AikdbgnXPg+UO0gF1rzMGMeSU=
com.equipvent.betheDJ.dev,qTLEsL3h0wb9cAJTWGCn1cqr7qWVLJjVvA24Lmc58UA=
com.thinkar.aiglasses,9zldyUwZNJ2G9mQfDlwZ/p8ZZRm2prsV1bU5ZF51mEw=
com.spotify.android.appremote.demo,/xgXnSZ9PB06QANkgJbWEIcnKpaQpTo/MyB02WuuT3s=
com.innovature.tfLitetest,WrOpUa37o2fZ2KRhLloOOTpJVVe3gQDIU+0vw2GVc+0=
br.com.vw.connected.car,hHhoYibXOaukBoQtl2rfCDOGD/eLXx4WPtxFmVLmwb4=
app.juky,hipDmLb+RST+w9AEpFb1iTqC68ZOFVhE+MPtBLEXkFg=
com.my_vw_global.stagingbr,hHhoYibXOaukBoQtl2rfCDOGD/eLXx4WPtxFmVLmwb4=
com.mmlab.retromusicbox,m55XdhvQjGTiWIctJTzKFLYOgxBxgqj8pOxUpR4/Aes=
com.myseat.polog,8EZAX0PQpJzFELhqBvFQ2zAWrcq/U979xtdkBBH58kc=
com.domstrum.spoluapp,PDMeyW5xsX3WbxT0EJ2hiAQ0mLJe20CUJzFV32u7kkM=
com.carpenguin,bQ4FkoftNQEij9945Fe/ZsXyreybtf8nmmbNwdqvYZk=
app.mobile.buzuki,GSVl6LNv21b0lBppf8asDcetlitdZlzl+1oHqo8FsZ0=
com.traplayer.spotifyplayer,S/tCJQLV3SX3zeIJGgfuJseY4A5G5kOsy5ePhHeE01g=
es.ammartin.partify,l/zRRR8S3sDxMpFRvlzZ8uyrBhmJARKNnJ0FX7U3eSw=
com.qualcomm.qti.aior_domainservice.music,fY/18vZKvkSAsUAyF0115A9JJycDNLCSDK1wnqphusg=
com.example.backtracksolo,/VmTbCC4DhMoKIw2NaLnZE3aCXweJNdKHNhaMFwbVU0=
com.example.aivaavalon,IU5GxGbMThjcnyz2aDGpWZDJxaDi/hrc3MymnYd76uk=
com.cerence.cara.dialogpro,+HgnOyStyCEHjAEVUOQCRQrwhWkdLixQWkpGu45q1GM=
teksty.tekstowo.tekstomobil,W9twWck2rVDhbrhpfne8fvv6L4PYaV6wY1wS3aQGgc4=
app.growwithjo.diet.fitness,j+QInZqvmE54kOfXQlN7vakWMb5GZEasf6oEUbmEhPE=
com.example.butlers,WNFh44cpMjv/19apr/e6jWtFcqu/FcfzbKA/BImUT8M=
app.monitor.talkback_production.staging,1SJS47q7t0LONO2kiOlLr5ClEPH/zd4/FSHmdGRYYJg=
com.gojyuplusone.spotoolfy.spotoolfy_flutter,s729rPuHnnMbUWmwBSHURQXOwBSujKO/8ob7y+wKiAE=
com.honeyplaybox.remote,HY14NHkdqIib9CfHTqz+bB8wjihVOCQ43vWYbuDKxPw=
com.costar.projectx,y3wURTFSqaz2blcQU/9q3oM+AwPZaRbMznzuVbNFjoU=
com.example.spotifycontrol,CBx7sOrs8cwhrXPFphXhnSIlPBPn8saxn/ZSLk3GHZU=
org.listenbrainz.android,ry23JlJG+TdUu9492OtY+3vPHUoN5W6q+RVlVXNcDh4=
com.kylam.musicdiary,o80myWn6q6QwZh05nC2MN87S0C8Uy+8u4+iaQnb/GF4=
net.ddns.r34w.smarthome,Jv14lbwDZovnumupflddCAhLgYQuotVU4k4aq+N4C28=
com.francophoneinenglish,85Baicj+xBLaUv+1v9cYamVgLCySWC03LPg9ykhB47g=
nl.jumbo.hitster.dev,PH0CE+fol0KgyE2Wgx6kApCISZt76TX0udwzhoJ+jFE=
com.pioneer.mapbox_bt_phone2tab.pioneer_ridekit,xUGcUmlUDxk2KJQ7cB0L8iq1/fGG8QsCblvl2uDfiKs=
com.dofun.variety,qCgBWiCu85+h4H0RpkAf9WHnwKtI2dKCuHhBI2FU0mc=
de.bright_side.hotsauce.full,RH87csVdWOjcCe9j1nTn1xQQ8QCMSwh7lbECIvq9NB0=
com.musictogether.hello_everybody_android,iwcFAZzAbIZk3xoJtNjjWl8KNG+cJRhIrNXzjRD+B3c=
com.sanyospotify,DgUCxQg2ApLDWabco0MyIa9+Dht/peOt566/4pzpzxA=
com.adgutech.airmusic.debug,0JenQ60htiqkM4+Y/VZlLz0VHrIKTFkiFIERRqAGMUY=
com.example.spotifyplayback,P6LrzkGB825ztWxTxq4GglpQ0mbj3KJU7XV5jZC7/1s=
com.tempso.tempso,vFvTc713C9B4mrOUA7y8H6JhKivbhJNsoudSFRBrzDU=
nl.solvr.caraudiolink,9poGPIan/L4WOYd62ZM4T88tEnH+GfBGv47tOI1gT74=
com.niki914.myspotify,yBEA104c0P0tntWTL7pDeV1gkgoXjUlB21Y6SW5cuz0=
com.lonely.musicplayer,aCpptSDISfOqyVG1nCtVMzXPpKsDcw2Z94tcv4ARb0U=
com.example.djsports,75PDpL0WBDbmV9yI8IN4O9SIMmEqzKeU27DB0J9em0g=
com.ajnalens.lenskartb,s1cggQ6oykwj1udg/4dJsE+e6ID3lyuaKVCdEd9QRlY=
com.kaletsch.tech.babyspotify,07/xA1LnOKcww5MlPsJNeJku7or00k7kB8+heeZgqHY=
com.ca.tunaro,N+SlW5AxsG/5S8nm2P7KNr8PPmh3rh1AVWddrhFHoxw=
com.acrcloud.acrclouduniversalsdkdemo,lB2lvHO5xwEXi5r9nnnUEM+7Dtnm8EYOZEINdHdCk6A=
com.jetkite.fuse,hwvLFzhkQj2rUJP6UFwZvBIPKlDFAK+Im6IsnANq6ss=
party.papeo,bxp5wqLv6DmcpTdqCFaUfCzmi6NlLD39cUlDhpGvwtY=
com.everysight.soundsight,czENxmtRNfBHomm33uvhf0PPqj2+64IlHMxnk7GUpcU=
com.saltyyak.musicroute,K8xDQzibdk8oC/sCErE3e+g9dUkJqV+9wq9iLPxoosI=
com.vtouch.zcrm.demo.spotifyremote,CDGK9R4fwnVxDkvs/2AXm25/zBqReBKNtJxzBEc8UAc=
com.inditex.oyshotwu,tNV6m2QD+gVOQetyQ5ymVotyOlNFDz8lQCmPKdx2Sr0=
com.thekrobox.spotify.manager,oal4l+4iL9oqIc98WmZA+lMI6qKd5byV0lv+b6mQ0Fs=
com.stationhead.app,znztASKe1uiX9ARcGMBmUlUxMeYspp7qvWUud1247DU=
com.schindlerdavid.statify,sH3DLqgY0J1Fe/8OBehynaMOGYF96zfgBnzkiy+F/RA=
com.example.musicboardgame,/VmTbCC4DhMoKIw2NaLnZE3aCXweJNdKHNhaMFwbVU0=
com.example.spotifyautoqueue,MiXHqyAQ07m3O1xnewVAwC65dXm/kJ5sx+kxmbyqAwM=
com.cleartwo.tvapplication,yVz2QwEHTuEyEwwtj7mqI1zNqWrYUZjiXy1Su/U+Rv4=
com.equipvent.betheDJ,qTLEsL3h0wb9cAJTWGCn1cqr7qWVLJjVvA24Lmc58UA=
com.logitech.ueboom,6wvl5Y9zBewWauF3mCi7v3Ymx7aNek5ldHJjrUNtZWE=
app.monitor.talkback_production,1SJS47q7t0LONO2kiOlLr5ClEPH/zd4/FSHmdGRYYJg=
com.adgutech.adomusic.remote.debug,0JenQ60htiqkM4+Y/VZlLz0VHrIKTFkiFIERRqAGMUY=
com.tunewithme.discovertune,5FhEm0PjNTeCinRg3JAsVzMr+bsiAyFa1Mx0CFa60ds=
com.gigaboyz.headunitapp,yIT+++k1PXapALubXdOKx2v/c1ytU6cYPJWkdn8CBdU=
com.prisaradio.replicapp.loscuarenta,CFWrppJw2ygNfWRTFvJ16IHgZVevYoa8H5NdqARQhYQ=
com.google.android.apps.gmm,qCgBWiCu85+h4H0RpkAf9WHnwKtI2dKCuHhBI2FU0mc=
com.bajajmychetak,qE7v9zwkyFPBEfOqFjBUkIMnu6EIewWAtWek0fN4Poo=
com.mbraintrain.wds,q4heQacyIHmJ99K+f6dXFWhynhmSRHDr7TbBRRGtdJY=
com.sts.suppo,mzP7arVjBRxO2rldw3GEttbMogYCJpyFMBimuzJ6Oaw=
com.example.myapplicationasd,kBZK+qt0yDSD0TkDqNt3K/jLtRgmCqpWouOBzTAj/Vo=
com.vandamd.spotifylight,KSL3PrwX5KG8/PEqeXrofdOSKj+/n4In1DZezeoVKl0=
studio.md.playlist.domestic,XoNc52pNfagD1ubSIx5xHmi7jYqGYh1/wZQyBDz87VQ=
com.sotirispallis.rhythmix,OmOeJQ/59SN3M0X2b8QQ+edOU45+ZroSMTjRhlfq6Kk=
com.legsim.carcontrol,cHRB3DOCr930zfMG1tiHAi85LPtJDtVUEaS9JXc4sDU=
com.mikemade.powerhourproject,LFyloM5/mhl1d41pK98VTfnVrzAD3hWCbg7OpdlCApg=
uk.textentry.beatclearwalker,YwpN5OHSM3fucoWzFSfrjL+Rlpk2zon9uCbjNn4fAFg=
xyz.immortalforest.widgets,wx63J/Usp+jDfZSnHdWOkEcA8Y6dd1fVuPFPtRRfAKM=
com.sixdays.truckerpath.dev,vWNhLwzNxaR23Ch940vRD8iy/dDu/x3bHGGl+b5EW7k=
ch.nesolu.defectedapp,JcrDC7kZHRgCHztrEbwzmKxb43gEq61dFmpWCgEcEsI=
io.github.blockyheadman.musicthing,+M0cvRdsBAXi/lYCRvFbIiRChTd4tHaDFrUYEgPNwTQ=
com.audoplayer.audoparent,SlFM6fTTq0M9hwd+ZCTMnVddZnu6e+JkdVtYqqciBrs=
com.einzelcode.woofmoo,v/PbfujG7NszlFuVTcehpwXoVvePleNXXSzqqib5w7I=
com.mobileapp.pbs,05RosTqRp04XAnUOfjjOA5F6ckgofB7xpICXoDX99rE=
se.jhnk.leda.debug,NZ2lRWB1tW1GDwoQO4leXZEpnyqTqRcMAgtFU6zu1GA=
com.foundationtechnologies.assistantv3,dNnrgZVbcvjiy8jPbCj+h3YLR9n/gJmSgYUcbuz8RxU=
processing.test.tape,UPCu/yIGy3l/11DoiVlmkJ1dHctanqGqpfB3yu2gP2A=
com.relpat.oneclickmusic.spacestudy,HG5VNNiKV9ZFuk7n7FA4hNIyxSnmjhzRx8O/rbtsv94=
com.zembaai.smartglass,s0DNjuoVBBqTuQS2chzg3smBAh7wOcVxIOhu3xVr7RI=
de.siddich.spotibook,lFWKw0byKBa8SexYbYk86igF/YhdAwgOVq+Oh9+9uPo=
com.kurokiapps.boyersspotify,G/3BPhYAtXLKUR1ob9bSn+66OngCcwqDwFXwGOYOpfQ=
com.example.hitthestars,5Q1f3oLfvWOuevMXEMAUj5O5fXO1vCalOiOhBf20RXc=
com.example.musikquiz,fpo8nRC92Zat2EuQS+KH5cd7rdF/cQiv8WTrr0E72PM=
com.tracktrap,8aynG+7E7xZXB+grah4y/uXLQ9yHzBSstiYhkwjL0wc=
com.genedev.walkman,Ld1hSLcMwZa5w7IKdtdC/v7pDbR8VjakTI8RKE6eROw=
com.avasoft.soundbites,e5kVD2y8AAhwSSSC9S3VIBdTTveppiEBDn35SpWQ+Fk=
com.example.carassistant,DKtfBmYHg1iDFXMauyFXkAjDOOrWxBLo6E+b4US2j8s=
com.toysoft.hockeydj,/+2Kr8TUMlYuo9dQZvEUN83pIiaraByG6FYs+6J+sKw=
uk.ac.reading.wb009529sse.spiralsplaylistmanager,xOwpTSrfWC77/7b+QxkXH6Mp+amSOIVhRpXWbqv5sT0=
pl.dietaoxy,mM4OrEVlewdx1XBfE0FYJ9NoLHUKJKgSpRHmzwW4uqc=
name.that.testbop3,fo008Ze/wR6kX2FWbtly63AQvY8XctFbssgkScyrqGY=
nl.jumbo.hitster,PH0CE+fol0KgyE2Wgx6kApCISZt76TX0udwzhoJ+jFE=
com.logitech.ue.howhigh,3ig5DBKz+zeoTgVvaDIGJvQmlVNIOrtPqieuzgJWF2k=
com.meexo.android,FfhJFDCgrHAswKiOM4uhqvkOszzX3aK8/rUJ1dR0af8=
nl.jumbo.hitster.dev,4rRWZ1HpnD3OOeCkPkDEeKCZth8BMeGyOljgrf4Jo6A=
com.example.spot,pnNtxDDNW73Gs+2tcYugiOm9Abwoqeog+M1JGuGlx1A=
com.TimoNiemelainen.musicShare,xFHDP0EneLhvdfWAXZlf3Yl/NMeU9hls39z/ItppRdQ=
ch.nohintster,YgDIKkTn+//CbGZEvk7/fwc2EiPZL9QDKBxDYD6+cdI=
com.peter.litster,xjD7ttlMic/byfwTqNqIFRnQYXetHRlFFhzIaHqF05A=
com.pioneer.here_bt_phone2tab,xUGcUmlUDxk2KJQ7cB0L8iq1/fGG8QsCblvl2uDfiKs=
com.vinci.radio,vZMJNzMqruddp93hbEhDu6pBA8TwdckxIruTetBqqnk=
com.crashdumpsoftware.toddlermusic,jGbT3uE2326W4Pc0OHY/cTC+s70b7ZW1ulIvh4H1xpI=
com.costarai,ilmykznkmcLvR0PhjIETsS0ss0RqJJ2Ks7FDNNzGlrw=
com.bn.songvsong,5+YZxeoF8AwWvDHsslzAF1uZiRlqFbFlQTUHoLvjI7o=
dev.wenig.myhitster,yCmk7GZ1VfsJGqQgg33/a/Rk4rchwZiBEcdLsbbZNyg=
com.example.rhithmfit,prL8Xj98XZqMO5ytRYjZwIE7REXfQryRmtXUo5osZl4=
com.niteout.niteoutapp,kKloQrJVFVUafG3uMezwIXnKvhrXNu+MPTst5slrw98=
com.example.test_seekbar,86M2QwpyX8bYPEbgXMJGr1u7u/+1bPKmD0BRKwxvkgY=
com.niki914.myspotify_debug,yBEA104c0P0tntWTL7pDeV1gkgoXjUlB21Y6SW5cuz0=
se.danskompisworkout,kkBYmtlpJa+4Q6taXRiGOA5QPXefMxeH0CPzCjkgHYU=
com.pakama.b2b,ejJhef2nwCBUAw6f8/RZBKgUNm7FAH7D1nC1AbHvwBY=
com.niki914.cpr.myspotify_debug,yBEA104c0P0tntWTL7pDeV1gkgoXjUlB21Y6SW5cuz0=
com.bllocosn,YdXLk+ZmALUnpA/UuAGbSxCf1ENcemCl1oBwv4wCs3c=
com.example.dash_app,016FA4vswaIr9bhyBZ4cPgsYvc7ZcW5XFyFhdWBJ554=
com.example.musicquiz,veGqk2m4iNMelrw/8gQVFMJdccio+tBtx8PLtUJANDY=
com.instantour.instantour,2LPms7Jwl0HFyHL/Yq4VnFktneyfL/CGIqYeyc5E9pU=
com.example.hitster_degootsteenedition,mlPlVwIGkIpK+firMkJkS5HoIRhzPC6kcTgCpapWan8=
de.tstsystems.kidsmediacontrol,qd188k5Z1R1ywSg/6RiHym8ReiFc83xN85fZLIgEEb4=
com.lebuin.collectify,QcY3/a0eggbXVjojgNGBzXTX9oIagVGoHY8J/4lEDnM=
com.example.excersize_alarm_app,hFKfympr7QM7AN1Plw4BluUBZAfxMlApU3yqBNy1Eew=
com.example.dj3,gtxYFCvl25WrfQG4duMJjH6FtJrxKhBZWsQfn/iuZPM=
com.tt.spotify,JIqbRLG6NSBIHA1vaODeQtKT1zw8Y0iErNmr4jpvCUI=
com.crapolo.podcalice.child,C7zSIGSiIKhnUAe60NBvoz5pnlfltyeMV9sUlVxMPOU=
com.bhohler.discountdj,f1nbo6K0omyrnSbyc/g0rnT8iWXcghmNcIsrIr4Z6bw=
com.storytime.debug,rNAr2nmRaqEPqCpgZaGpzCJdYz0/1/SEDhkCvQjGL5A=
com.sony.lsp.swbapp,SdWINt62R0jkSXzRakI5UVmhfBpx7DEgMGGZgaJpWL8=
com.example.hibrido,ClXhybHn/Vlw6QvpBCmewV7THBwp8f6MgckPnV7Tyhc=
com.unide.mobility.connecc,42GHngt4cbdQHid2Z11qT7DOBuodAbuyv9v1+CtB49Q=
com.example.musick,Dad/La/IhaGewvaxLsTltWEFh96dxU5OPDOVtWf8UyU=
com.example.ify,9CVhBC4anE5F6KKj2xQtI9sEK4W4Yi3ez/f81ImoYwc=
com.example.moodify,7kgvU/N2f2GT7oZ5IKdPOclfHjIgv5TimOKHPRo8Njc=
com.example.costar_project_x,HONs12d8K+Wz4jHej4pyXwhGPnZXYQXd7VbW9XmiXw0=
com.kyleperlman.glyphbox,NvfUGhpKd4eyjf+1wAAJoPbDAQtPQh8LkD53Q2KgJyI=
me.hufman.androidautoidrive,fWrEnGD0a0Y8ixCoIyTYOyWz0MkoxCDcchkYU+4jAI0=
de.rammstein.app,3yacRE67PFXD4mBlA/UswSQ5ewbBb7UI9dD4Xb5VhYQ=
com.voxiweb.voxiweb,UePitkpW3m94YtzBgBaFpZuX9oI3a1ZKfPZIf2NGYuM=
com.example.speechrecognizer,VPfcvAx9qJP4xZz7XRJ0yGaOV6jAhNk542Z/BRzmbA0=
com.intellipredikt.autolivdemo,Wr5kjy6uKAOYgZueZFw48ahA0je3sLAOGDCtXrI8p8U=
com.saltyyak.musicroute.debug,QN2+vuIXsNMaUhAldVWtiCgjzzqQFd04rVG8+cs9nZA=
citius.emolibroapp,Jb/yH3MORPI/9zY0hyCBvL/pGsMG8fCMS9I6YpKVgUI=
com.hdms.manager_nightly,DC0N/PawJbEyBOTpIXys8cu8PNYh8fwFKdICSgom96I=
com.cd.touch,Xia59jDlIfOsC/Oy0MDCSjvN2+XAMHZtvZ/uY0QOiw4=
com.feridinha.lovelytify,HwjR6jz9hXelx6YO+abywmXlPnCD0vMyDglP1b/2koY=
com.hubbleconnected.vervelife,DlL+RCyuPm/ApE/TlNEUeUy2G+pPFJCB2AwOoZmbtZU=
com.donca.kidsmusicplayer,5Lch6/6IL8jeOLOEGHq8cMhPyB8eIeaUCWaEs07aKBY=
com.example.guessysongs,OJucJA53XDZm2FLjNIw/FLYWDNRFO/kvt0bfb40dd7c=
com.interasoul.interasoul,+2/SLTzsuxaeBPRsSM334NcRJ5MCiSHGi+a9cuuQQc4=
com.mapbox.dash.app.nightly,XLEJ2lIwcuZOPLfdbotYFE/pYmjEN2AQKxjmn/kY+l4=
dev.nahtan.betterdjremoteapp,dLaFfLbFoNnWcRd55mLeVCI+y7u2cBkZ4eZwsUBDpdA=
com.adgutech.adomusic.remote,0JenQ60htiqkM4+Y/VZlLz0VHrIKTFkiFIERRqAGMUY=
com.example.beatlift,RLozfEM57nW0r+e6i1O//Decei8vU8v4bKrPFAqD0Mo=
com.example.appmusic_basico,eNSLUpa33Law+vDueiOSi6BdxwW6uoDjq3lfAaeP8NM=
hu.hotabapps.classcomp,/sxMOyGVyJUmwSmqhLeBPGZEmRcHAWA/liqz5kOfdx4=
com.msg96dev.songster,9m3NZ4SQkhPIQdeb2IeHWcuHUrSuNbgEO/j2FGWs9qI=
com.example.myspotify,+6IOHK9+MDHew5U4JlUagexZPgJ8YRfXOWUt1N7+ugc=
com.example.excersize_alarm_app,BKBJ1vu0jkeP8u/MpTrpcyvQ3g+RCiS8ANeXv+gf2hw=
com.earbug.android,0I9DV+eAk+KXgKZx3euHkNsw/IGQFcdPmHEJAb9VwHY=
com.schawla.smartassistant.smart_assistant,jO6iT/YkpPmiCa0UliVxZU0oNT5mNVHj7tUo/nb156w=
com.owlab.speakly,meMZ9A9yjzZgVVtENHJFfRc2HDxNLxkA3zkKKIxpHb8=
com.fureniku.carpanel,DwD940n5YzWYqpzALNfgeE5a7f3hSJmLTo7gR0K0PpE=
projekt.auto,qCgBWiCu85+h4H0RpkAf9WHnwKtI2dKCuHhBI2FU0mc=
hu.csomorbalazs.runbeat,Cpm+bExQbIyYnp34W5EorlRu5CQ7sRMqhXIOUZSA6As=
com.harmoniqexpo.max,SOFfvBh0Wv4IPyXaGJ6sKVYwZdua819TJ/xYRpR8+DY=
com.brainglass.lingoal.sprakkraft,D9iqBkeZ9uox1gWhpUvd47piw5//B2AHwRtwYEwOUh4=
im.bigc.fanplay,r7sy7FGA2zoCMo4wNA7u++/OBKjspTXCfr9foVy9yPE=
be.niko300.musicsync,2UQpgPCoqMYL2acJFw9AoumWZfb0URG+WXDD8ia9QYU=
com.brightideas.okalex,LHaTa8oz6wvObMChx3PacVvSV9zHn/Cwc0wKUuHCtS4=
de.techmaved.mediabrowserforspotify,EZYavmlqKeeWAVecNSaV9jR/73Uk6WRYt/ob4tG5reY=
com.example.toddlerjukebox,IImIijLgz3mx7UAgrLCbmkg+2HHVzVvj80SZloh53/s=
com.handysmartmobileapps.stardio,bf+rbqJlukWXPvCHrY/odLaU8o2/qZmHh6L3jwS/fVs=
com.alarm_example.alarm_example,UGTYaDah67d5RDqxf6drAivFkNwEn9U2cwd9TqzT4cw=
co.rainx.loop.launcher,1ZNltsJdNcbuZTQO8KnfDiAtsN3kWClnWtbFU/MJr8w=
com.example.costar,d/igyVxF7ikK8O3oi2P4guCPcsS75NXeCHWCCyWAWTw=
com.PauloHDSousa.SpotifyWithLyricsInside,CR/HcPmLty7TWuDre54A7hAj09VbJw4ko9qj+mZYhDk=
com.autonaavi.apps.naavi_demo,PnUgfkgjhxW/zpTxYWhfexvL+DBuAF9NS5RiNuXFafQ=
com.dci.dev.ioswidgets,6wvl5Y9zBewWauF3mCi7v3Ymx7aNek5ldHJjrUNtZWE=
com.websarva.wings.android.cidappnew_ver3,Yvdow7gM+IQEpk55yJqaPYwaPMADAs0lPmfOnL98Bc8=
com.krify.tuneconnect,YzGbVVLGTL/JYc1LcfG3PT5NRaaeOpWPhFaK66KK0Oc=
com.costar.projectx,L4KjnhAv8jOc3KmkBxobDMnzoENQKfjRixtzOBbw02I=
de.spotifyapi.artistfeed,OasLr7/mGtSb5J1Ir6fbeEVZJUHZxurnhWoQhqRftQk=
com.logitech.ueboom,qCgBWiCu85+h4H0RpkAf9WHnwKtI2dKCuHhBI2FU0mc=
com.vaha.mirror,b+E7Q547j/MrJ2OEC0zSwpU0fIIF/ChJc9lXb1ul7wc=
com.example.spotifyplayer,Q/6qvBeC5c2sfOp32g1gE+RDa4dFOlLH+qGhGbaAPmc=
com.hockeybeats.hockeybeatsstreaming,3sTI/J0fSeVlUjLGT5xFCAtHh5QKkJBO3uOdcrSToLQ=
com.grandline.toplistadiscopolo,w8HHhoyUD21DyG/djGYkuafyXoY1kW32M3eK83CwXD4=
com.example.vinyl_player,w2XaCBTjv2aqX1apu36dqa7KJb+oXMeF6tMOfXEquXY=
com.phl.mymusic,kq5R21XXxCOcolalvSZApFhT7nyq+rhkagl5ghc7KL0=
com.example.mj_boxing,0nljdCWpghoFzE/NF5T2Mbc1fBSYhuZSXsd7OjTMkZE=
com.example.flutter_application_4,uV9cWDmnVbZRz6/h6mvu/RZtKi6Xcg26odLJ9FtzQtQ=
com.boubous.meganophone,LKdpXF1t8GLdYoMixYyJsV+bQiroFWapsa07axnJPEI=
com.exe.example.musix,Bja+ENC6zeNrefO50WP1m1y5KRZkUHNnyn+1NsuK8zU=
com.example.mcpclient,/3bwnRBeHJYGDfggJh2acVehPPZFdZfJhVmuVjOm/bg=
com.bw.glassmate.companion,+y7/ChrdxroyDnCfts/op51DYQOgC+MYXy69+GwJwgQ=
com.example.inmax,RtjcJKnUbAcEAGT+uf4UBGfXO+eQGZI3htebilecL1o=
com.example.mood,Xoqer+Uwg9YYaeNvk9ZXrvIbIREVbbUt+7pQizQ4IW8=
com.aexsystem.rasapp4,xjBHytUN5eJyvL0nNYx2Ss014jav95jP+YfMXyo4w+I=
com.my_vw_global.stagingbr,3kIL8NnAumnq0GMN3rfeEXRJx7pbKoqO969fYhuAZH4=
com.note.songs,N7jCkYy03BkzJwOy3wIajre5XlogmrDWwwPC08LB8lY=
com.michaeldjay.spotifytranscribetool,5twMj+6OIJV5/vY23uu2tuCdmfC9FfPjXOz9TWB34Y4=
com.dacora.dpx.demo.console.media.debug,njfIygyzEmXmMWz84b1q9+6d1Gxs6j5ClYKR1W9F7LY=
com.example.myapplication,W7gYXFpaplnD0vOuQ8uAwIC5Wm8hCsFUIf6Tb+YeN6k=
com.histeria.app,17n3ine3+BkuUWi+TkeMuUpHyxHQ24pdqKEgLy24yJo=
com.fitillion.android,l6VFMmzrHPQByt4JV9J1Hm3wD5Mhs+SgEEdFvDhHSk8=
com.example.projectjarvis,QsLakOx+PYh7qUtpDryvbnTCshTwj8DEGOEciBeKFDs=
ph.com.globe.quest,6I5zNLuqns8KdRAOaxmlPSUI+OgrEGKOlT19JK0cyuQ=
com.musifyapp.app,H/0xYsZsdFTKn+P0y9Actc17EGvmIGncohOAb52E7Ng=
com.fitonomy.health.fitness,yMcfguU7dW03Rh1F25r1eO+kmUbRPmVkuCbOR2QE/S8=
me.hufman.androidautoidrive,CjTkOOB5mbLtTCmaoxtC7nbgkAV2YCzgqB738xAaWfc=
com.example.boxingtimer,eoC4km3lPisu/CDyH+O7lIOAsCY21YNV2CNscKEcY/A=
io.riseshine.app,L7FslH01joUBE/XIYF7kvEK/ZG09+4MgqdyIHGaFIio=
com.example.ratify,rMBeFAmPgY0D+z5l6aXhXqC6txgeo/GIpcqTPLzrcDY=
de.qrdn.phy2music,dQsODJ09/Z8Ov0YmksK1ge0HVKmXFx3XcWnECqXaCKo=
com.example.protofeatandroidstudio,yZQ1mRKAroVAaQPrie1qZwNhGXTlxxteOzthu2ML9p0=
com.example.happybirthdaysophie,eQn4BqoyeZBKgGUculsel6WVElabE6W4suLBp1XlqMU=
com.zx.tutuboxbot,dqJfZUiM1Ry9B8+8QN0nlDdYNhypYmMDNru1DWBHr0w=
dev.joshhalvorson.carmediacontrol,wsrOgU1L/VwJej9mQRw2ocDpN51kOBWpljPGw+LvGno=
com.example.dizertos,J5wxmk3WDiJwGG7KrmCoE8bEika6yVrK5s2FjEIwWpA=
com.moto.spotifyapi,fKI6ZPzRzE7rimAjlzPGUur4I/3g/4rcUOkmiHKxLwc=
com.app.parcel_tunes,Z8F2Mq+we9ueN5IHVYk5rmWzAiosxSo3Gxcc7gos7u4=
com.alibaba.wow,PGrvqgq+WBscTyz40b2+sFraaXogii5VTIjow5/1C8c=
it.vladlabs.bangr,J4pXsnkxB8t+BhJv0iDKE/lZn4zGAhas1BCMoxtU2U4=
com.jiwok.runnercoach,5LjgDU+li1dTbCisxp/+S/TvdIGD90XEr1f3iRmqPgU=
com.example.spotifyskipper,z22Oq0PES9t7ASxpZUvz+exSxndWucHHvxjUnu6djBs=
com.example.bettershuffle,Wu2oXo5zhgrBe+zO6GHwJMgq7NBUx4wQWJdAbl9ZYA0=
com.example.workoutmusic,JAhHvIO0VmQMbrpSC0zBPvLzGi41XZ1WfOSv49Snq70=
com.samwood28,+SI9H6UlYxL9J7OiK5GIdQ6hWKu8csQxsODku1R++NI=
com.atoto.spotify.control,1PziBb/9UvtgvRG7EArfKUtlepw7tvO31xKUYLUsFWo=
com.example.dal_segno,GmGkf+lDnXCrRa/D61nFo2vZ2phMM2F/BCPrkPJjVPw=
uk.co.urwick.vinylforspotify,FSQdX04YsazWYFEeE2LapqB1AkrsAN3b9gfjNQBajpM=
com.example.spotifyprime,o4uN5kmWeRrouIKjzlR4lYoQNW4UInPrYvwuTOp9L0A=
com.example.music_app,8QA3vpXSl+MmOC3DDbDZJ6MEUZ5iJzipjFCOzgNAnnw=
com.chuchutv.android,CJ+PzYj3Z/l6FiEYk/99XIEIPZPxe/CkF7bQPrs569E=
de.unistuttgart.informatik.vitabeat,ZIB2ZryiDny7OgjxRCWwYvhEnxQUKTuQef/oHT2lOcE=
com.sony.lsp.swbapp,T0cQ6luvx+cWnSw0M2aGRKxlB/t24M6cUXeVJ71gg08=
se.jhnk.leda,NZ2lRWB1tW1GDwoQO4leXZEpnyqTqRcMAgtFU6zu1GA=
com.relpat.oneclickmusic.piano,HG5VNNiKV9ZFuk7n7FA4hNIyxSnmjhzRx8O/rbtsv94=
fr.julespouvreaux.streamykids,pzmpxk86S8UGO1RMhEkJpT6MztU8oXsiTM9zlfZG/eE=
com.relpat.oneclickmusic.spacestudy.dev,HG5VNNiKV9ZFuk7n7FA4hNIyxSnmjhzRx8O/rbtsv94=
com.example.spotifyclone,h4DWTvHeDFb9/p3nhRDRHq+M7J/fptaSmHjWEBEdM0M=
de.firecom.carmedia,JNOV5dWS40TmPQvzvY6nDTJL5s5xXiSdz5GjVAUJErQ=
co.yodelit.stemplatev2,sYId1qgIRtUXS7MDjobN/ffhCtTqPe9NSP1Yb7PhMi8=
com.app.musicconnoisseur,zHgdovv/W1LxwPdpxdCTmenDlg29ESoqPMg2ehlDg1w=
com.deify.spynwise,qbSiZc8CqsrdBEfLBgKjQ1wqvHKIikvUyIsEsC7ZFXE=
nl24.baby.android,rwAGP6jx6j0N5HXnPuV+Xz5eW6C9qkvmZmBM/SaxM1Y=
com.example.a2dk_ui,EcfauVaVRNWvxTVzLGQRH/C/HqpJx+OOAAR/9RDmjjE=
com.caers.bike_dash,z6Vi0m8PfXi6ilocWFrztEffxKvejfGZd3ZEP3GIQFc=
com.postma.infinitehitster.dev,t3XW83lQsiLeFi0ApUUkM+2VOBi7maJdyuZ2ZSgFAfA=
com.example.melosync,xcDQM053XImOi+J/2ZWtwL1kC/10DzoOmud3t93mmUs=
com.vitalit.app,UI480NuQBgLLpy7fWbvSL6/OXxVUwNRt6VASTTRjZWA=
com.brightideas.passassistant,GZgH0jyNnoQtQKYv6FD4PiCxfHpImJv8ZCDPY5JzNdM=
com.ajnalens.lenskartb,1YFFpRAUzOlKl3VDBMC4IM9bQmDHg04IOIXUJJ4G1Z8=
com.muradnajafli.myielts,JezhXqj5xRip6EIMdQlCw6+TiiCuqOjuF5K0Ky5JfEE=
com.musixmatch.pro,DbO8oZXndJBatRXIBNFIHbT+S5/Nr3Ks5WVdx/ta/Jg=
me.hufman.androidautoidrive,pbi4uzbpQ9My4GoDvcksJ06bPPe0Wbg3HdF2kcB4swY=
com.atomicdev.atomichabits,piWKpOu8yUL/pHYa/XR47MjiUyVh12ON/egTN5VLZ0w=
com.google.android.apps.maps,3ig5DBKz+zeoTgVvaDIGJvQmlVNIOrtPqieuzgJWF2k=
id.tp.karaokeremote,rgyDdC2TvvAeFSB/f8zjUgRsimNRnFxGedq0mu46UEY=
host.exp.exponent,xKEjoKf5xVqfOkWk5qXrocuLA65cUmJh0WB1J8rduys=
com.rmv.player.rmv_player,KZDT1hENpx+KmXiI+ssCJu/JMzrcgC062h1vl6xoHSM=
com.example.hitster_clon,E46IKSvKlJjyuj8WG2NKboozkAKhAe8fjChEoZG+yxw=
dev.nahtan.betterdjremote,dLaFfLbFoNnWcRd55mLeVCI+y7u2cBkZ4eZwsUBDpdA=
com.google.android.apps.maps,a6VwzXeJ+lyqMLl4qPKcuYgamBo+DRi7uagJh9wURJw=
com.hitduell.app,rylwee9qJX0Y83hRE4xN8YZzuk0gO+Wj+ufOvotYKgU=
com.example.deskcompanionapp,XHSogC60fkSwZMjoAxujcKfT1kl2ZozzHiAhIExkPtk=
com.example.myspotifyplayerexample,ogGJsaF5SKdqXGdOrgKxPgHJ5bqAiEFFRoIEUTggnN8=
com.raiyan.home,KtTZcaIfWB3edjzQofjWG3FjAbG1LRqBgLLCqnhpaXc=
com.micamusic.app,3cioybmd+VjQV4xsZzhj4qDNTWbn8umUO8jN+eN6OR0=
com.example.test_spotify_playback,TSF6QIgUzdRki7kqfXINrorWJ6JNnAKU4XFox9oSd3M=
de.maximilianbischoff.musicplayer,7FUX3FDqC2oHRjNoUl7mMcxZJ7PFTc0GkFV67eywUKY=
com.navideck.Tunedeck,1b58j/bjbgotAEP3rkYVLE4KUQEpTe9Nw+W3BRlekUM=
com.example.bmosp,lq975jlsN6F2imkQiEIdaQrtFM8ue6cqiO3IxaUmjr0=
dev.tangvdv.spotifyalarm,Yg/ttrszITVVyz7Dqw73vIVeGwSdEH5kgqlJu6zxI2g=
com.heroworkout.app,l3yCcdTvFjW5xnCi4WR/o5uR1dFYjyVTLxSPar45tQg=
com.example.vibezz,1e667Xb3feyu9Bc7hb4fP70FmHx6vkJeRpWsk8hY/Eo=
com.example.evercalm,15Pz+FflQpclizMnjgsyPDUiqU5DgNCF1B5gIqMoWq4=
com.example.spotify_tools,POkf/8uFRAXhngk+BLvht70iLFvHTCkVuuYYU+8o2x0=
me.hufman.androidautoidrive,J/0OCdqPafyUPEHshnjz6eCuEkFCvxnoDueSEU8ErrQ=
com.omalik.android.hockeydj,eBwpAxEv4doBZbj6TjKpWyQIP9e5w/tL4pISZiKMe+Q=
com.alphapod.fitsifu.jordanyeoh,pM5tWhESd3BGRkjjn3lcGQDCYgy8vHYRQ9d7XTi3HH4=
com.google.android.apps.maps,6wvl5Y9zBewWauF3mCi7v3Ymx7aNek5ldHJjrUNtZWE=
com.headupnav.remotify,4C2qLNwzq9aZe+jioMK09GEDNLM8QsjhQC/MIRA+DRo=
hu.belrol.hitmetal,WkB5lJ/5XG6O5UQtF1Ooq5u96W2mmDw4FcC7zrhouPw=
net.monoapps.song,HNiR3PKh2/UYWejnhjkduxee9QJ72k7gm0k4P+wCGQI=
com.frontstagelive.prod,N2+W2OhtHPsUMZ1rRevjSrwhzJG52iEe8gPnL6K+W64=
com.eveai.eveai,Gq+bpy+xDDphjbubcciqa7bAOMAv48vG3O5yQQktyUY=
com.olivier.melodymatch,dvdl0tOuFJl0SGJPYo7uQGzB85p89JIY3pAajpbd5OU=
com.jameshuntcreates.notificationplayback,lz43VWA/oF7gKyICIWv6qUEwNOKaJ7ioXTAVlRmBUOk=
com.st10028374.vitality_vault,dQifS4qagHExqMXeR5rg8cecikj2kUFGbKNQUtg2lNY=
com.thrch.tagify,uCKBnfwHyXcxXTqtxv2oyZP24WFxpoxPw7AXuQCzIKU=
com.example.geomusic,rvaNUfVEfds//GBryZB1fQMbSHOSPgv/3dsNzsovDBo=
com.runrevel.app,2DIJlOM9c4ZcEwMvjOZRdMd3ZKeOuyCkskNTO0pmKEY=
com.soundscape.music,Vg9X0B0DzaI91SA6/SDhH4q3vnxCfArOh9yWUQ69KZw=
com.atoto.service.business,1PziBb/9UvtgvRG7EArfKUtlepw7tvO31xKUYLUsFWo=
com.example.spotifymute,qlcb86L/OcGgu9MLnHWwGrxS4PSQzOTDSlZx5BCcnOM=
com.tayadehritik.musicvisualizer,I+3594Nnflnng4z+83J/EhmrHjtVRg0VQ/kSLfGw1y8=
com.nexata.animequiz,4NWAAgFRaHlDFvVn95TkDjyfJVkwNaGhBOPabfopuT4=
com.ever.journal.dev,eQAzdJSbZZPBFMqWJaYPzW5RmTlpO/iX1slZodCOxfw=
com.example.dj,gtxYFCvl25WrfQG4duMJjH6FtJrxKhBZWsQfn/iuZPM=
com.ezdev.viniloapp,/nK6tvKKghLFYhrKOrWLHMyA2t2ikSHdvHD0i1q52Uk=
com.sportsdj.debug,GEDsvrHof6/vmRQ7nugk6VVhMAKDGampHvsq000wb4w=
com.feelmywave.feel_my_wave,4YznWxZUiPud522y/0EC1mdRb8gvcQsoz/xLZzBvGEw=
com.zuba.zuba,K5991N0Mo4ToL1X+um8KOY+Zh4ZQ5oETljSvqMQsZZU=
com.learning.jarvisaiservice,dAYOlkRb4lW8Fiw7n6tq5WivkdbX1/uJIk2gBqwmDys=
com.google.android.apps.maps,X2A7T/dz3+q042O4Rw6HSbsXyAwoT65MRN46s1hMoW4=
ch.letsstart.hitguesser,paDNukj4Q0YRNHLu/QXhQBIXUhgV97ZHBmRdNIP2iIQ=
com.example.lyra,fwgITVf3n1e452+XzRXiirzEq10tXkHy1uDd3SL9t3g=
me.hufman.androidautoidrive,qCgBWiCu85+h4H0RpkAf9WHnwKtI2dKCuHhBI2FU0mc=
com.example.toolify,avnUyUYnyF07Oeqv+1AjfDunoKF64qlqRbZ8DbCd/ak=
com.veloflow.velo_flow,/RHVdAftwLXZq5yjAcH5p6FUlKRyhk4AhmW6VPbZf5U=
com.estlosan.songinary,zBe+fa0sc5nA5/c8vGAIMX9CJyqOIvL2r/P3iNv0y6w=
br.com.gowhere,ABJSlfrtgz1hmebULQfZ9PCzJDgoF6558jkKMMu+P1c=
com.sixdays.truckerpath.dev,mn2yv89R9e0Oo8+g5/AvQgoIDxZr1VjgnuFh8zkTKQk=
com.gleggs.nothitster,ahIx4BH62qWwi8ItlW+qZi4imBAhjztpO77sMIwWhvY=
com.truerandom,WtUv9Y9aTb5thUNbDd6uHm2328AhyvSJ0Ws2aKt6zlA=
com.example.headsetapp,5c0avKGAeTezlGCKqTyUT440FfilaEtgIs2XSZp1eDo=
de.minimalme.spotify_sdk_example,mMLnm4lzZB9MXkZfWPMMZUV1fpOyDg+yqruu8NwiD8U=
com.volvocars.mediasample,dK7AZK6+ku8++FKhjGFyulAUdD6nqbfxW2fz/2BfQpw=
com.example.hiddenbeats,nERyzP+xyDSQJFL/d6tFBEM2O6GnWL6UB1utLtE1kDY=
com.kevdadev.musicminds,qWxF3fwvVMMudHOUOrLtMAYN9PnJ+XgUqco/kjawySY=
com.tricosahedron.avoid,gd7SFZP8lyUNNr+6lORW+J79gH1uBBOp/0UPnPJxaTM=
com.everysight.explorer2,czENxmtRNfBHomm33uvhf0PPqj2+64IlHMxnk7GUpcU=
com.tricosahedron.avoid,ajMFH2EGriKUFOrOasl8oRDgfLTnHGO2zQxGBEhCBAg=
com.nandn.customhitster,oyll0DWu13df8EbuAG5HiXOJPo/GVR03iCpYRv+PPhk=
com.solace.app,LhoPpi3VHIdGdlUjRpvETNUCXaMLCnxTHcnk/9VcyeI=
com.hitster.silentplayer,oxiQPBNAOij+AQubSivbStDpfrBqqG2RjxNK8QjKmwo=
com.example.pixelbath3,dZCNduwFNudbLex/qx+IEMx1fA5pkA+MpA0AAxFAM+I=
com.tigoniclabs.songly,Mzd1Nl4sBnqMstb4YxKc3FWv8zUP8TvtRYmeLKXYkpQ=
com.recar.ivdemo.rel,+1HG757zz5KxXd/PyMlsDDLy2uLgsd2sOPk0tdD32LM=
com.sony.lsp.swbapp,+yRQiA+AGVhzwaCaeLX7Rom2GoIUbtP8bZQ50PCx2uU=
com.mk.awake,SPSqAWaCY3O3mPtnVpcYnOtb4mtSDKMo3KYzQ15qYK0=
hk.com.solos.revo,aflZfIoV8ke+hkFP8OWyh3ktz9k/mJachw5gta0yBlA=
com.mahoneytech.rockband,ES7xx5ioGDu3ugIIbrxOxQ8mhxZa5clriqi1W14CEqY=
com.fandelo.app.dev,e8NnHH7dQyOCyy/1jrSZSIlDZQxQN0ZPUDB4Y5Xqv4M=
com.bajajmychetak,qCgBWiCu85+h4H0RpkAf9WHnwKtI2dKCuHhBI2FU0mc=
com.chuchutv.tamilapp,xIDyxh3bC9/I8p9Gabe6WeJdvIbba34y6dloGlcMYY8=
de.bright_side.hotsauce.dev,JqgZXGEwob40aFz214WJJx3S7pSi6BketlyDJgcXTpY=
com.LougheedAudio.HockeyParentDJ,uzKNAr2vZ3ggS5WG/iNuoBcchFJpoUmn+Ss7xXYwfw4=
com.trackster.main.app,8OWaHC8FK4P9cylOKLIU+1BuUutZ/bjwgMc57dmopNc=
com.pioneer.mapbox_bt_phone2tab.full_internal_log,xUGcUmlUDxk2KJQ7cB0L8iq1/fGG8QsCblvl2uDfiKs=
com.example.qrspotifyscanner,8+QVP7RugIYyLJQNKDyQCVLcbH8n0o0yktDsLv7ly+U=
com.palaspro.bikingcovered,RvnEMR5XGmcvfE+AQhLNBq3rGkzzSdOJrQyr1OXKda0=
com.antoinehour.polltrack,CxN/fK3pDHbn8v/OkZEHcSVnbTl4YqZJKE7be+5fNAg=
maratische.android.startmusicandnavigation,dcW5o8Pa/vwIU/vbGl8uQiFSPOzgD6BteTgq9svnyh0=
com.frontstagelive.dev,v/UwXwMC7DpZJTOpcWmYhNCOE8sRoSjSoP4huaDXmcU=
de.zebralution.lismio,13MiiGRyDTu72/RsAn/xbcGxRB9P6ZJ6Qe9aR5kc6Wo=
com.example.phulcspot,K7Uo7rTvaWoGHcKiELLtoKv2BwBIs9+ZaThhfCiV6S0=
com.hitsterblackmarket,+SZAhGEaDMaDxaOdadUTfYaGAaAJsygEanY8E79y/Yo=
com.kpit.spotifyclient,Df/SAyVuxVyiBfP0qAXALzcxDkF8dpmV6NTbWz0M4Ag=
com.example.playlistpicker,TUXBRvFPLW57N6L09EE/zVquOz4z1NY7vJQNuTMg+mc=
com.luxiu.spotifydemo,ubUfTjJNuz6mUj0bHh7qXAAn4m8CJelay/FJ1e3LcJM=
com.example.homeassist,XDEpjKtsGtc5nSlLcxowV1d61Yd8AYfwuhzaoUN87E4=
com.musicapp.aimusicquiz,JN5Jag8L8oZaDPKjmPVZatIpXYdVdit6KlUadsWkLXY=
com.panacool.panacoolvisuandsoundapp,Pj6Qt1oVcob0g2l5Af5WnRwR4E8tWWHtwIwc1AEEKnU=
com.sentienhq.sengel,8ch09yvZ7R4PWSPoZ2X8OuTkxjoLU+Uv6r9vcyS/s6k=
com.example.liedster,TPLjxUBT8wMpnor7/pv4eyV0ZbCAtDiNq0v8RPW00SI=
com.aispeech.lyra.adapter,O13TWZ5MpR/VtZs5XKWfSYtDURb0W1bmYM6y6jLP5/g=
io.riseshine.app,D98dOdltKPrjaCpXlLu7egvNVy8/SLZc4JnIq7xWG8c=
br.com.vw.connected.car,c1DPwW5XI/2oeuMBuixdn7UuUUmcOa6JB6cgm5fahn4=
com.panda.speedometer,rKlFSODkcVyiRQpC6TqUGtH1IV9ACf9f1AJevE8xLTc=
com.example.rhythm_run_app,VpQaElMHfMJemVDFS1J/Su99uG2bggvLhXREkMmOR4o=
com.example.test1,6rSgcXAeOHEbXEJnlbOUIUdt+I/vqd9E1DJh3s9odg4=
com.tanit.tanit_tanit_app,AZrv+jgzI0qZC7261eZfRgxrJoHyQgZzRz+enDi1qeY=
com.logitech.zerotouch,7AVlXxliy+awsArC+8KSbSuZZB5Ncj4j4FRq6Xgmtx0=
com.chwon.eneas.blaster,RFE3zpFrLvNxVQ2n0SDNCkipUdGRKtr4exhhlQ9lncg=
com.nofanity,nK5i/2s15Vgb9ZKWZmaNb0MkfTuAWRW4kuLXxQILC0Y=
com.rekkiedev,K6SAmhgwJptW7fxwOdNjw1PwBsns2dpM0vg4tcpFiUg=
com.example.test5,6rSgcXAeOHEbXEJnlbOUIUdt+I/vqd9E1DJh3s9odg4=
net.easyconn.carman.wws,qCgBWiCu85+h4H0RpkAf9WHnwKtI2dKCuHhBI2FU0mc=
com.tw.spotify,AT7cELoB7ptZy35LfwK1bT+4vfAJe6CVbEqpEPr+ZWE=
com.example.virtusphone,bG2inQYbLYqgf9SNIDRRdpsXF+yYxyri0lozx1HY9fU=
com.dofun.variety,EsZYrzhujmQmBGcj2ZRhOupYCqGwT+IeFT11zwKmfiY=
com.spotify.player.app,3OmjfhaKw6DMfqE01ecO4Zh/spIRAh6/dFRvRe0BCZs=
com.example.costar,z8jQVC2Lx7Ra4N+Iap7XeOs32I78hKb4UpHpPQZM2uk=
com.example.Apoloplay,1NbqBwK+O1qan5L6fSy5cjH8801aZob/7p8Ci59NwJc=
com.example.gwoonguess,/xl+aOyLDPgKlKxmc6reDnvbwwZ/uctA2ZV+jSyhTjg=
com.example.spotifycarview,g6/ZLYj6MaI1vGQTIt9ak0qQrF3gqxaztBofYlSEel8=
com.yuriapks.cafesonoro,B+vSm64NlO7dXejnmdVP7IF2hKakvZj3xwbATdndmrI=
com.linxafe.linxafe,vkNWeHdUR2sJICpNO9d4TpYhJmmzRTgynsTyzu6CWGY=
com.app.payrin,YgyvsN32WDaxFPgXfjI20Dfi0VJ/Y62IaXtwys6ATfM=
eu.miniwork.mwassistant,Jk3BoNTROw+0nOalzBUaRZb5gDqNvgETHHnJ2F0X7+c=
com.boring.spoticlone,xix3kiMyCtJYuCiqCaBW5zqKP6d9ZEq1XOONTx6abII=
com.example.musicappconnectservice,NFxkRwpUEgGocb/yGxbr3y/Gh3W2D+GtFhkDl28uTk0=
com.example.costar_project_x,y3wURTFSqaz2blcQU/9q3oM+AwPZaRbMznzuVbNFjoU=
com.example.alarmamusical,5g+fzXHxy5ODTlGSvY4M/3EZBf1m7w4MR5vWh0voe74=
com.example.smartpeg,vIZy1i/U4YHey2u7qphGvupOdlAhVfAuA1++Rvyt8ag=
com.google.android.apps.maps,4C2qLNwzq9aZe+jioMK09GEDNLM8QsjhQC/MIRA+DRo=
com.example.rockster,dc43qmNVHDjwanHoLjnpeEhMbrqvFiSCxCWFsXKub3g=
com.app.parcel.stage,OnvLX2vEG9g8+Ai5Zvz/KCSRQ94J+CnoGJKaE/Z1BNs=
com.example.jpprojectapp,OQZ5SSjgwvUXhbuNLSlBGd8rMDWtu6Eq30wmCRRNXiE=
com.mobiledrivetech.voiceassistant,WlJ8IEXmiCMjoOv4VmVSyY3GoCFfbsaOqy9eQAJMRUU=
com.github.osa030.jukebox,OhI8TmoFnyPmJjVmrqM7HYUkKlupnqxN1uiZ2fPJqSI=
de.pakab.chordmate,wzD0vZjn7QGS40/Plna797kNVnw5d/LvJKrqgiCeYHQ=
com.tpv.mystique,1AEdPXk2xi9kYqPfbguIXFHGsK3UoJnQTsaSSAtIpi4=
com.mk.awake,4cV+QlyjWcXhe2B/Dlp7MQFqCDvhqJRyAW6pXd5MxF0=
com.hyang.scent,BVQJcDI9dcDTK9KF2MO3TJ5c2EPVTyFXPieCjW3K9ds=
co.retro.app,Y/Lx+/xJtcCIGXx8Bnh3C4Ny/yBvJ0rLgd0NTYol/oM=
com.sal.pixieplus,MNlNElxn05VdYOkXTrPBo2EShMUrq0wtAOBzPlo3YBI=
com.pwr.yourrhythm,UD53eRVL92n/mdNhBykLVn040fnldCalN0tbzgy+jO4=
com.hightgames.spotinotes,LfjU0/ez2zZESl1l0RF2S0NloED2E5ixCzCQE0Q5M44=
com.chiasma,UxsuAP7wmZdjkRrwnL/T1kYRxYtjyAXBad3nHNUmUow=
de.techmaved.mediabrowserforspotify.debug,EZYavmlqKeeWAVecNSaV9jR/73Uk6WRYt/ob4tG5reY=
nl24.baby.android.staging,xMdaDVdi3BxLySyEb25ZEl5DCxaYDZrcHjk6cZwzhN4=
ai.kvist.app,6HfJXfgq2jCJT1X2GcxBmcY9WF+YqJCYa9ujej3jgQM=
com.greenroom360.app.staging,vqupH8ycjNA+xxzrgCOKLyDKeup7XCaPW0wq7dxftpM=
com.tobik.audiobookspotify,qCgBWiCu85+h4H0RpkAf9WHnwKtI2dKCuHhBI2FU0mc=
com.songtracker.myapp,7nWGQEllgAH9LDls1ZGUnUPRkn5bLz0RJ7QGZoKj5MA=
com.launchpod.ca.launchpod,JiBF1DyLCMTnuVi5VC2o5KSBEJZ512MNE+vNjSDEKFw=
com.unitea.android,2io9hGG75qKvnzJm575+7hmY7w1EAkLKrvb1Ba5vDFA=
s33b00r.onezero.overture,F/xnvjoUOIEoz8MIyzJh8MYcGVHXVGO8zQakCPC4EOc=
com.play.playtogether,zTiAyV2NTT7fSRqmIDtowolqcVr8vQ4jm3lalgO0lLk=
com.schaminee.qrmusicguesser,r+JXd9QFCDj9v0kBDtbuuLcGmk3vx0K0gCVZ6d9XimI=
com.cartunes.player,7sH02uCjBz0bxlbDxTbj6GMdH3aaZIqIh3wiKOJPN28=
com.andy.spotifysdktesting,q+Z2Cf8xwCqlOPuErGgZkn8D18z8GT7H6Q2sM0492qA=
com.example.music_player,tWawGm+nuvY9MxnQr8cwa4C/FZVwgfMdG/BbifXx/5w=
de.minimalme.spotify_sdk_example,Bw6iSf1DT3sMLB5PW5nIrdDeBjRiG7VguLN6xTmYYT0=
com.alphapod.fitsifu.dev,q9WynE+i/emCRMbM7dEq/LFqqscxtzUWemIYMqrbgfw=
com.greenroom360.app.test,e8NnHH7dQyOCyy/1jrSZSIlDZQxQN0ZPUDB4Y5Xqv4M=
com.myseat.gherbo,Zz55Ei1xwYZKqpZvfsW7VnX08CyVbinwV3W8indIK9I=
com.lenerd46.beautifullyrics,YF/ov+dgt+tgmTdVK/lw75XEO1GGTUaAMXlJFWk4cJk=
com.example.hittster,7Pei6xNXj3Me52h8rAY/jF7llJhfYbpT/ID0uWMR7cQ=
com.lebuin.collectify.debug,QcY3/a0eggbXVjojgNGBzXTX9oIagVGoHY8J/4lEDnM=
com.example.guessthesong,MqFus6tfOfcnq3OiH7p5cgE7Va6NC8hZgdlxw9E/6fQ=
me.voicemap.android,b/4vlwPKX6IrE5UDCq4u3KcI/DGSwAxgX7wydlcA6/c=
com.musicow.us.debug,dKLJtVUyc8SWEB2/Xbw0Oib790Q7cb4htysvwgBgG0o=
com.cerence.ark_flutter_example,FcvKn6rbRi2QVl1NdtLk67FRj32BniKnjws9B8qIvbw=
com.excersize_alarm_app,hFKfympr7QM7AN1Plw4BluUBZAfxMlApU3yqBNy1Eew=
de.tim.hitster3,NtqkKVqZU/1tsKaV6QbsNq6LYpVo/EupFeCUFlxRfU4=
jp.co.radius.neplayer_ver2,/royyqWVA8+OWxb7ySQu6Vq6cKhjf8Rg8kR/geyUI+g=
com.oneplus.health.international,qCgBWiCu85+h4H0RpkAf9WHnwKtI2dKCuHhBI2FU0mc=
com.collectionsuites,V0+dltwFUMrfbG447N0xahRSqsMmUY5HNChHKqhQBhw=
com.micah.cj7brain,wI96boQw2VYIXrWMsFkI8/gfKoE0QcBIunPdHuowZOM=
com.kanso.mirei.mirei,UifXzBkb/Lg6tmvlEW0hnGVwPsofGcp7b+ndoB2jHWw=
party.veto.app,FDqfCWp3c5xsOO+GfhBGH90G7lCtdEVXWBUczhT/930=
com.ostmark.multimediadashboard,0q4uHjNjsIb4w8FU35HEFTGQ19g/NHkbVFnoKfUHODM=
com.my_vw_global.stagingbr,9Jlf4c7lzG/R5OqPEUsdH66ifEeHw/IC0oYfwHKgiio=
ai.kvist.app,qMgu/bcoVthyCLO8VYtbX8CjMAjGX9r9kXASarqAjTE=
com.thekrobox.alarm.manager,2/H5agaaskLa1g176q2DD5S1cIvEzyB6sqblTFlI8zE=
com.thmpp.spotifytest,XK+zjfLlC9os/6UcrjcFP1XQWcBD56S/8b50gAW7FNA=
fr.rozha.taskerspotify.dev,QLm40vSjhlk4BjJaOYmpc/E0IBU2HzLGmDdPq4fSsts=
com.brainsides.pts,WvaqL8pWozHWY1lQ5jokENxKI56gQYNRd5Bb5zqs6Tc=
com.example.musicaaplikazioa,exyQIp41FUfjnsT+QhNHEA5m9sK/RXl53NhCe06Gm/Q=
com.dci.dev.ioswidgets,qCgBWiCu85+h4H0RpkAf9WHnwKtI2dKCuHhBI2FU0mc=
com.tarento.mobile.app.cai,pb0sjDRq5fx9StA0Qdu4ToqbzrUoFy3zcFmbGsH3p7s=
com.example.spotifydeeplink,ACdou8fm8xYVF4TCaGGD5WA20aySqwhVbGM1/9VeXfE=
de.manuelsiebert.jookify,wI+9xhPda+HT972+wAJsxcfu7bLcIa4eI896SgoOr2U=
com.example.queueit,KBuNgulhp4svJxLFuqlpRN7SPr1dJIEQkeGzbMN1/qA=
com.saitong.voitrans,V8gkqpX/lqxRXKnuMan83VcIuTvLK/09yIItwqUk0F4=
com.example.test,d+bxuG660ZvGoZAh4QxIPN+9XUF80H8J/aAEPExEQCU=
com.spotify.couplessync,T4lz2hW/izjBf7mjtBFwFYrNkN33uEH+Uspg0A+nGnc=
com.audiocardio,V/fy3ze+iVDlCjy/nPfwkjBKG+gSSKGEVWT/lHQweVs=
com.myseat.darlinedesca,lfsLth9xTnQdyg0+zRycXUuZ8S3vvlJY35CLZTfzjNI=
com.example.dropby,HdlwYrbWNQHtG2QrikVgGWT0DAPjRy7u79rgdehmp3A=
com.myseat.souldia_official,lfsLth9xTnQdyg0+zRycXUuZ8S3vvlJY35CLZTfzjNI=
com.example.helloworld,MNHHhR0RWk93ZpAh+WK/RFNUxOEVooad0ddrQgQRECg=
com.joel.spotifyplayer,QgA1rM/FjhUhNJjCoWP4s+CC8TYWvkUIz6dLWsZhjHw=
com.example.fulllauncher,aJ5+4BJvpGMdCulrSBz5fGJD/rChrNrlSRdpswK3mT8=
com.musixmatch.PlaygroundPlayer,eSj4J0jpUKz58MVeOVBkGjw6R2ua1kSPKkLn4LNKVQc=
com.example.spotifyadmute,A3FLjEamwr0olA3UYgUjOV0w8HnggGBlC8ZSIWgnAdo=
com.example.destressify,J5wxmk3WDiJwGG7KrmCoE8bEika6yVrK5s2FjEIwWpA=
com.niki.spotify,KLGe+UvrwslZTH7xaYC49O9ERil8quo4DdvFCN/j/ZA=
com.sony.lsp.swbapp,17rF6ocGutxR/f0aeB3oHlUTsMOXSo3nXr02q6TTlHA=
com.adriaanvdh.robster,acE6Nns1Qm9k3yYt3/mdQFNaZ8jTtntgLZuAkb/bl+Q=
com.josieapp,K2E4Og0J+m+9/mTALd/K2S6/dgCw+q7vopi5R9SDTCk=
com.ornateapps.squatworkoutchallengefree,0eP/VEQrExFfQR/EIrBYChLe7MDEXCrWlQm/yFgAWeo=
ai.astica.sam,ZLWULdl5rdk6ZuI8cL3564BZzHmJ8xqCW5GSYDawlo4=
com.josieapp.dev,kyjRWQgh5YBo7zBZUElRMu1fe32kShMIWmH4jzX0d8o=
com.pioneer.mapbox_bt_phone2tab.honda_ridekit,xUGcUmlUDxk2KJQ7cB0L8iq1/fGG8QsCblvl2uDfiKs=
com.musicow.us.qa,dKLJtVUyc8SWEB2/Xbw0Oib790Q7cb4htysvwgBgG0o=
com.fitonomy.muscle.man,jL9KfHLOmYXw9rppzcSLpXiS8LvZuUnsv1LKjh1ZiqA=
com.google.android.apps.gmm.fishfood,qCgBWiCu85+h4H0RpkAf9WHnwKtI2dKCuHhBI2FU0mc=
com.mathtech.android.santaka,XY1TpW8hEwiPwTKp4NmxV8GuwT0pbWS/oEFhFD6So1A=
com.listeningparty.android,Jwq07L+jyW/Qsz+ovz47VPmgRYnavt+x3bWzrdtN79Q=
com.racev.ebike.tripper,HGpzapMMpdmbcSZ5QYv7UASI2Eg0MrZO8rhOTZlUmnQ=
com.gigaboyz.headunitapp,8W056csoTWdG+RmoWmjoUU75wQ3nGcnNzWbFvestPyo=
com.example.vox,xajP/5qyKHp7j8FBeMqpfHBXDnWS4H/i9o3ZjpSL+Ws=
com.michaeldjay.spotifytranscribetool.preview,5twMj+6OIJV5/vY23uu2tuCdmfC9FfPjXOz9TWB34Y4=
com.example.newapp,kJsHqS/kcAwJtJHlznqiCoiUZSHBBV9Dm0CQZxOkXP0=
com.example.sopotify,7OR6Vg+ks03rGCY+DIhJlhL+3CZl96FdMVtTMKCtVvA=
com.example.punkster_app,hLw3cmsz3ElgfzyTk3vuPYMTYdSqsM4qBWbPH1Uj+0g=
com.ldub.evercalm,15Pz+FflQpclizMnjgsyPDUiqU5DgNCF1B5gIqMoWq4=
ro.ludicus.hitstory,fXcDd7uu/8/44jl9jt/8nyz7r9U2MRyCZU3HpVK/H0M=
com.sessiontimerapp,l1n5cK3xhL5aQv5Y7pQSihxc6LVgVKGgTHSok2ILQhk=
uk.co.disciplemedia.resultswithlucy,LImSDOKEhQrB9lFHyp/3das+plMnc7Wk6iMaUNQJ1pU=
com.cst.guessthekiss,teSZ0DJqUeJdIjeVdHVdtDRdOvZ29czmf/LWuoYgn70=
com.saltyyak.musicroute,QN2+vuIXsNMaUhAldVWtiCgjzzqQFd04rVG8+cs9nZA=
me.einundneunzig.songquiz,TwQzSCNc6xlybMxVU2Fcvdyn6dYyLr8FduH94RE6oFA=
com.google.android.apps.maps,rD1Wl88ORE4zgOT1mUCWR1eeeSos3drYd6hDx4SUsmw=
com.who.echopersona,ZBY7JgH77FTLlp6K+ct4jFK5Zp422SWiIZXJbY+sJXw=
com.example.spotizwei,gK4Z6LpNZhrFjpP/fGBRycGYVoUAuWlkVZgnKE9qSN0=
com.example.spotifylooper,V3adUDHHwndRcq8N4YsR++3geKWouKZXs+VeVMWJZHY=
io.xetabyte.android.voiceassistant,aJRRvAmOxZXVxQzk9KGuMqhnk28BCVGzgirxB5GjDJs=
com.astralertechnology.android.ledlight,uMEycJjHmI09CrmAq2lbkyYDjKivYSlFjGefGUp/m08=
nl.high5loyalty.oneminuteoffame,atvKX3FqMdiYKmHRcN8TUICFYOVLfRX8D6v8fzFy1hY=
com.example.boschster,lF1CDArPCt4b+PtV9gC0X2b0oozE302aEdlmzlNXouI=
com.google.cloud.ml.api.cca.sample,zUymlqzKY1BYrkU4SuUfULbGrLWJS1w4YyD8mvLAVW4=
org.thingnes.hitster,jaPILuf4O9EyLS5fMz93VPOJdZfV7+ogvrwNUJZcFE8=
nl24.baby.android.staging,8KlZ0vAYGn45oLiaTw3QwnKWCSkjwWwYpJ7ETcPGETI=
com.frontstagelive.qa,U4HxAXSrMj+2CaDAg7cIjv47YijGaIyWvlIlnbLamx4=
com.nightlife.crowdDJ_nightly,QZQngMF20RLAB0zk1WPHa33QaErx4mR0OYecDKlokkw=
com.lge.glass.companion.appmodule,F4E6UJcX96jvjaVRvj51HDDYWajVUUczO6ZW6+6WOfc=
de.heinrich.alexander.leevmarie,h/EmgmJEqEG4A4wJuu7AizYmUHDF4ibbl3T8TH8KQMA=
de.bot.filan.hitstar,8SSUJlnvw+aa0Vw0C+Ldw7vHU8Druu0jNYxZ1MR4BHQ=
com.google.android.apps.maps,Zl6gpOTaWN41N2G+0tYZBK91bHb2mlKMwKXe8Nco+Ek=
fr.kyrr0x.localspot,guGDpKEFvYNSRQzH+ydmoDibkbjqvQf46M3Fcr1TnDc=
xyz.romanello.SpotifyTools,yUfMcZlHi7BlHjH39c9xK+CX3tNuh6ADcHefHyC5jOM=
com.antoinehour.polltrack,deOdWdVkeJn4tc8sS+8F+Ej9r4cE3C6eCrpHnqYBrbk=
de.knieschraube.popsterapp,HxfxpbnpOp7o8SRgRHXI0IL1Renmt4jrwLLOvavJypw=
com.jio.pushDemo,uteHy7DU5yLx0DlABVoHTZ2myToBkHJEFLAoFaQ5RoA=
com.greencopper.android.montereyjazzfestival,P33g8mrc3GVqR+HcJAnA/HuxT8ygid/itsSW+1mK/eE=
com.app.sansua.sansua_flutter,jfIWNKcXa2PcwJeLjtJl2/XGAA7HCpBmQw53Z+o/NQQ=
com.listeningparty.android,LNO5oGiDXCogkJQsW+brAiMQ3yH4nbfonITJpgXl4f0=
com.gloowieTest,xlVi7aN+shu6qNCJf+UPVUeMSmCWh3jsq3b6roQQbyE=
com.submarine.jukebox,BB7rdSvGuSHYHLkgzH3OyOhj+fuYKjklJkEKTshHyb0=
com.greenroom360.app.test,egaG2RhKIfiqRXpmiQTrY1djuPRjRX+FNNRc4aOpF4Y=
com.nhn.android.search,iLnPipNd1Us4hwtmkopMkHqXOwOU5SxsG61Y4v2JBn0=
com.spinitup.artist.app,MVVVLa8b3QTuPmZ6KMgXnWVPymTWvpDRY6FfaJyrs2w=
grzesiek0x6b.rap,gOpacag1j2/KX/m68Qvb76Z+17zp8iImD9WwtFXDApM=
com.hdms.manager_beta,YI42/C3FWrCw9RD/xtaCOPLRA28kNsBnzkPFIERnZTo=
com.gojyuplusone.spotoolfy.spotoolfy_flutter,nf62f6OxtdNthhdgVmunhksh73N86qr6zlugiDafSrE=
io.fiverr.guessdj,pjz+546M8Iy4zgWoy6Y3v13oFIYefUymLrUac/TFJe4=
com.google.android.apps.maps,Ohdvk4EOOdIvdKtnvbchbJR5wxEOsJ8TJNqeSG5NG6U=
pl.audiosync.gryka,+GVLF58VN2OcX8akv07hcJgq7cQ7h/mEN+ouLnn/Bcs=
ai.harsh.harsha,BdWIXuocYmuX4j2WooQn+V8PJh84UwETbq0qCYPP4l4=
com.podcastAndMusic,jaVsiBvCRShuDJACFA6dzRzhmiOYxhd8hZW/vA8XA2c=
com.trackback.wftc,4NWAAgFRaHlDFvVn95TkDjyfJVkwNaGhBOPabfopuT4=
at.htlklu.tidl.matrixledapp,X00gqIXvUsBpR/qKw3EQTo64mmL7aW0afGmSgPnTpgQ=
net.easyconn.carman.wws,SPSqAWaCY3O3mPtnVpcYnOtb4mtSDKMo3KYzQ15qYK0=
com.example.myapplication,LWm9rtki+WwbIvfLgzjXmIbVVMLFnsIdDCtYmn+F/3o=
com.colakin.spotify_sdk_example,ETbg6XpWCH58O0I72Oz0g4o9WK9vwA4xN78a1x7aV8A=
com.itsdisco.app,4eR4mgR1/G14nK9pVt+y0O7xRBcLtmIxlk8e9Lk2wdE=
com.abominabl31.playlists.forever.debug,YDPQgxGTBlzhjFHRi68C3+9Q4glCET5Y9ZXkUEu3ONE=
com.rikkifit.foxfoxmusic,pGyf9MzQnxYxq2Pbfx6lIi8d6t/mmuAc+Lq5PDf2jbU=
com.example.spotifyoura,JlAwwEcJJeV40uAJ4sgl8RsD1ucUIFRxurwFqndPqUA=
com.poundrr.app,hPR+l4JlUk3Xnwsb0C3OHMhOcuWMvD9fHflPADMTPf0=
com.gojyuplusone.spotoolfy.spotoolfy_flutter,c/wa77lxVOagNW061qono0hkLcW7rp+zRUxunIygsCU=
jp.co.radius.neplayer_lite_an,sDpqWXQ6i0z24DmmavH+GsEblNBlHNJU1OIvKQrDq04=
renaudloubriat.addtoplaylist,OLYhTKNG2MIe77ByXobfcqvZjMGeZjjjdTE0cDh3fJM=
com.example.dj_neutral,gtxYFCvl25WrfQG4duMJjH6FtJrxKhBZWsQfn/iuZPM=
com.mitsubishi_motors.spotifycontroltest,k3NnsAyTlx8PXLjvDljwSD4ElG8H+w/FX77dwoR0Hg8=
com.gojyuplusone.spotoolfy.spotoolfy_flutter,LC2qrXGtZuiUmtqWX291AAwZHzDEkcNfluZEg3ax/mM=
com.spotifyforbike,b2wDXmv7R6PF3ieh7E5fSvg0DaEWXjDvG/GHBuzrAkk=
com.minimis.customlauncher,uxbw7sj2xtVhhowb5vJxriGb/8mmE2HJocYnjodhgPQ=
com.lujianfei.demo_control,1PziBb/9UvtgvRG7EArfKUtlepw7tvO31xKUYLUsFWo=
com.todai,kzXoWjvpofWLjud4Zrg9uRI0QO1kcnrLy+tD814sBUo=
net.ddns.wjaronski,7gMrh7lV3AaBpyGY/jNgzy4mjwAC+164U3ESndFyK6U=
nl.jumbo.hitster,9RPWROaJTAa95LRVPzOMDCLL/U0uY/IYUWwjvBhScp8=
com.songifyr.app,2GI067J0NF4T68iqElSLS7gEZ8VK7jYnKPJv1fOJw84=
com.mejmun.goodnightspotify,qCgBWiCu85+h4H0RpkAf9WHnwKtI2dKCuHhBI2FU0mc=
com.example.costar,HONs12d8K+Wz4jHej4pyXwhGPnZXYQXd7VbW9XmiXw0=
com.example.spotifyapp,CDGK9R4fwnVxDkvs/2AXm25/zBqReBKNtJxzBEc8UAc=
com.eazypeazee.paperplay,MIL2ZOaYbn9jt1IKSNah/HsQ7Xc63X19lnPDugmjtGM=
com.costarai,y3wURTFSqaz2blcQU/9q3oM+AwPZaRbMznzuVbNFjoU=
com.example.soundscape,1HtZvVjPe9os1o3YSJMS8n8DoPpcuFWVaLZ0dQQ7k/M=
com.CMW.CMWLyricsKR,pLRYtcw7iJdkyW5US95i3Ral5PWoAZL6Fgo9BWaW6Co=
com.altro.spotifyjunior,38uFMdFVg3pC+LCiKSrto8eIN+WYiiJGCFpLgX6Bhmg=
com.example.spoticube_app,Ntj2AMRJPCfQzEXdlfuubKnSC/G16XHrRS1Xo/0W22U=
com.justjackpot.justsing,VlHze+uqYw0AoBHgDPwGNuIa4RIChXSglNxhGNokjQw=
com.example.automation,Mm8fVUAAvo3tYl4+yYiSi8j9kWNmZukgj3VwYUqkLQI=
jp.co.sony.hes.swbapp,SdWINt62R0jkSXzRakI5UVmhfBpx7DEgMGGZgaJpWL8=
com.example.spotifywrapper,m3lvJDc6G7AJbXycuRwWW9BCqO/bM3jKb8xdgLiSxS0=
com.fcbp.runnersong,A+phQaSgfY0h3Auuzw5WUEnPt6xwmaU85M5Ftz4THpA=
com.genesys_automobile.genesys_automobile,6Ofa6xRzYdWyuQq6mi7cpq2zKDVqjKn9rmNs66Isig4=
com.cleartwo.spotifyapplication,yVz2QwEHTuEyEwwtj7mqI1zNqWrYUZjiXy1Su/U+Rv4=
com.hellocarl.carl.app,ug3IwJ9t5omyxXnSCUKimOdaUQ0+7o4KU1PbLDtRLk4=
de.minimalme.spotify_sdk_example,ETbg6XpWCH58O0I72Oz0g4o9WK9vwA4xN78a1x7aV8A=
com.colakin.spotify,ETbg6XpWCH58O0I72Oz0g4o9WK9vwA4xN78a1x7aV8A=
com.aupesbox.rydem,/plH5Hh29aFmGRlhip+7wWxPgsqejmCRfv4wUbym8zY=
fr.arnaudguyon.blindtest,lqWUrOfSJXnxq2PH+vwxYLzaXyIRJYsltS+oebFzleE=
de.minimalme.spotify_sdk_example,mxPIWGymqUkFIS3N+EV7dOnO601Vx3Q1HE/pTspsrxM=
com.ff.ffai,aeSZh7xP8gjVLTtbd3ZMgChday+KMa5FMvPSjpWu8+g=
com.headupnav.remotify,IHJSRaXDeYtrDBdooVAP5GRPpBnMIAgSvNluqQHhx9o=
com.ivantrykosh.app.spofidata,MGT8NBmi/Vc0cJod64SRgp3ZK1NBADlKvIKkuVsT4ao=
de.ppowerapp,ZKAhc3NwNEQTwe7yvlTIG9DIq6uliN1YI3zLhGrNv6c=
com.example.spotify_player,W5vWBYdPOhVhpGh9kJOzkk7ra4z7qjXzd0AlzO7wkRw=
com.holotune.app,lMTdY5Z2rPJ8/5+4IMMu5OF+pR6QNfEs0R8ytPd4MHg=
com.example.demospotifymusicapp,lOYJmzAMgTeeZCxyCUq+tXtLJFprNGPYqd6h/xU6S70=
com.tarento.mobile.app.cai,ydhTye5dZJwIoG8zuWIkSWccOICm6EsYk0Q+wYhMqss=
com.justjackpot.justsing,0mBPCwAuBErTFnDakOSqg9cYm0+1FRcuVLEpL5RGz1w=
nl.sourceonemedia.musicmatch,guePIedETliyBpXHcZkXaUh+Rgjxlq2UL+yID5kivsY=
net.redboxgames.redlyrics,w1a+lMr3pfXeaO2sCgbQ8d8OxtOnpQ+cQ1A2sQxj4M4=
com.ajnalens.sarthakpoc,n3/v+sjN8v2PLIeWf7AtVnZf7IO5HdxChvNaIhmV5yQ=
com.melodis.midomiMusicIdentifier.freemium,qCgBWiCu85+h4H0RpkAf9WHnwKtI2dKCuHhBI2FU0mc=
com.einzelcode.woofmoo.debug,v/PbfujG7NszlFuVTcehpwXoVvePleNXXSzqqib5w7I=
women.workout.female.fitness,YP/yTGJE4EjplGwyoiiMtuMZMddlboipkJwetFDetro=
com.example.shufflerionmultiplatform.android,TCP2SWrGGYoRmSXk8oVQpXIKXAsgItT1il5OVd5ug1E=
com.chloeting.fitness,/dXu2Zv6b0V6LC6gP0JLCHiMsUOzxLpL+VRHK9vcCMk=
com.plantronics.backbeatcompanion,LA8Yux03YabKBq4xF5/6j3Op9Vtk9IbiQk74BS9+dug=
com.gojyuplusone.spotoolfy.spotoolfy_flutter,kJIr4G47yq/M997PlQXiFlvHjquBM3KhYCpVTJjpEcE=
com.phl.testsonicroads,YL4kbseqLxcloJrCWPOowC+2YUFrvjKDYAo66t67cPM=
com.google.android.apps.maps,x+EBnUT2dJpKFvvYapX6HDh2DkuEMwsdS9TXvg/JwrM=
de.minimalme.spotify_sdk_example,ZU0Kkgb4QESiLf/ELeJ0Ez/Jg/EE6k78uWR6ohcVLwI=
tokyo.ftr.emorip_android,iwTy/Q4Auz+WmBpARXHLx8rS6zVVSYH74xddxAVpWbk=
app.songswipe.songswipe,GtVae9mVHbkoLkjMyycnMaVPfTN24bE1rouBOMB3HHk=
com.mathtech.santaka,XY1TpW8hEwiPwTKp4NmxV8GuwT0pbWS/oEFhFD6So1A=
com.spoti,9+eZTD1jSF7UrHVVt8GF5w78FuHeVokFPeIGRNpPMuI=
com.example.hitster,Oockd1LwtuMpOFJsCPKvxZ239L2tZqHN154yKQfazPc=
com.my_vw_global.stagingbr,c1DPwW5XI/2oeuMBuixdn7UuUUmcOa6JB6cgm5fahn4=
com.urbandroid.sleep,6wvl5Y9zBewWauF3mCi7v3Ymx7aNek5ldHJjrUNtZWE=
women.workout.female.fitness,54tUae1pEgytBBLWDb6SQiYF+X58GXhtyPZ2fk39OnY=
com.coreworkout.thirtydayabchallengefree,sGB78GEwZ/3pztYdBNYQBGCUuq7PC/8+vifmfsMp1zQ=
com.pioneer.mapbox_bt_phone2tab.id01_ridekit,xUGcUmlUDxk2KJQ7cB0L8iq1/fGG8QsCblvl2uDfiKs=
com.hold.Hold,HKvD9wWcTdnP5uMq9qAhyGnAoI8rAWHHdgi+bms8qvc=
com.example.reccify,rPQReGHdKn1nCtd/AbxrpNDZvNdFarhptdv52a56ML8=
com.example.test_app,mxPIWGymqUkFIS3N+EV7dOnO601Vx3Q1HE/pTspsrxM=
com.qarone.musicon,AptZZUBB6XjQdBpYZmLyOZUZ59hUfCGqQey/Q0Pt23w=
com.artistoryapp,wewwaE8NBracMkop2nmiJZlL384HHDQIkLiCwINZtRI=
com.lenerd46.beautifullyrics,pZqzxRfg5nRbyBy/A+/Nl2ExAO796LLZWBGIWAep98c=
com.hdms.manager_tt,YI42/C3FWrCw9RD/xtaCOPLRA28kNsBnzkPFIERnZTo=
com.gojyuplusone.spotoolfy.spotoolfy_flutter,7JlbByMqamreBP8iXTSqMSk6IzAdT+U3v7CVIbfxE04=
com.test.riffzone,h4qtgkTHeOOo0rCzYJdaw9Rx0FoyZXOgBauWAMbgVyE=
com.example.musica,opRTqjiHMrHwpA0VItc4SDqVbYfiD1lNaOHPcvAi3H0=
com.synergy.flattummy,ENF0J/moHnGnO0KvliQXS9fxcTP+fZCfORRetIGIYb8=
com.np.noonpacific,hA1UKmFBbq3TDGUQHnsUqj7IsXE/GN8s1rEMSB1q7dg=
com.my_vw_global.stagingbr,CVwz8bQaqDzDc5T5Ofy/63fv6Dm7ZKOhc21t9iUUHBs=
com.example.spotify_auth_test,44tcXKM3e7ak2HMgba/PsKRZOKG568cFEmiqS24QUdY=
com.kirikaeru.glenda,aCtCr7KP+6T1j15exSyYbNUZrLp5y1UpIOAf65QLnwA=
com.lenerd46.beautifullyrics,IueznItxvpvycNyNiW8/JjiDbr31oPfngvk3wCvb840=
com.jetpackages.spotifly,UGk8qMsJS00B0eNRbWEozM4FchWqx/vKbBibRBiXZys=
com.example.hitsterfree,3I0arE/Q4hBjM0uVEKF742VAncYJ7V+/pvTivXXxj7w=
com.caron.spotifydemo,VvvEjThPBOWAclAzoFySQYnThk+M1sIvCxMWEnFROoc=
com.beefpattyapps.baseballwalkupsongs,r5vHBX6EcpMEfpFQFZDepTLqLjwl/oFllHf6Ok80Zxc=
nl.fravolt.musiqr,xKvtUK9q7oTQAyPSnNrp/tu5biHkBZOjXTanrNutD0Q=
com.gandalf.beat,+2k83kTW94zWvsfpyOMLtmiFEqfPBn0EgZ1yk1WPVTM=
com.keeson.ergosportive,UyeDktXOPWTxniqx3oupn8sG8jlUropfBFnW+wCTfYI=
com.selfhealerscircle.app.dev,xvySC5HFoRHOBpnWrUgjla6jZpf/1IiyzKEa9g5TrU8=
com.satisfyer.connect.debug,B7ScrYEflivh7c3rjdGpk76+NfhSzjTnsjs+eTm49KI=
com.example.test5,VJMU08YrKygiu6ymiEQnxJHw8UnkXDGjSy9oInO6RQQ=
com.melodis.midomiMusicIdentifier.freemium.dev,x+EBnUT2dJpKFvvYapX6HDh2DkuEMwsdS9TXvg/JwrM=
com.example.tuneflow,GO9s9b1lTvbZ0NfATD06u0RdsRlKdrORe3YSk0ncENA=
com.example.qrscannerapp,PdjoyrLNwujf8nlk4us8DcLrX4WEwRRTbLxoiuI8NRw=
com.singaporegp.f1.staging,JNE+5RGh6p8RLMqhxhs7YwF0Hqa+W8HsRmnYGyOYJ5Q=
com.rapturesoftware.headless,haOY8iBlq+7yepipJkiw0y4HZUN4IqV8+Elhz470xuc=
activity.com.myactivity2,2Virxp9RX+YCc3t48qkiE3esYiqCCfhN3kTPdbs9Wnw=
app.krakentom.garminspotifyremotecontroller,GFw1sYn8apNfP0/dJxXkR9so7uoSCFjV+SqTJRAeFMA=
com.gojyuplusone.spotoolfy.spotoolfy_flutter,Nnu0bK5md+fu2x0CpjoQPrTHM3JLf3v086gISfLa85c=
com.niki914.cpr.myspotify,yBEA104c0P0tntWTL7pDeV1gkgoXjUlB21Y6SW5cuz0=
pl.szczodrzynski.cdcemu,CUhgV5ZOXn/7dXfnWMbGj776e7LC/dTZZwHFsCGK10k=
com.app.music_connoisseur,zHgdovv/W1LxwPdpxdCTmenDlg29ESoqPMg2ehlDg1w=
com.greencopper.shakyknees,O7EL6YExSKoy5e7mp7g0cUF8dLauwuqjOOvHgFw2rEQ=
com.qs.spotify,E9cx7FPgVRwcsZhTOh+HEAgEtGrU+Dmw8+qL/5POiDg=
com.bicepsworkout.thirtydayarmchallengefree,W1VWnJBWhe0Edav6p96R2SRCdgB27XbeUxy3VEw1VZE=
com.example.spotifytest,54tUae1pEgytBBLWDb6SQiYF+X58GXhtyPZ2fk39OnY=
xyz.mubr,bF+4o7lG4k5rWzy9hiB5RD995OqTqeraChTYT4ULtNk=
com.example.kzmusic,UwnL3nUhwT/Uugjzy/TR7wFoGkJIKFYhPwj+WIztW4k=
com.example.project_north_star_v3,L2QMKBvEEf86ItDVcUtDFYYekmpN4Z+1h+oc1n5H3i8=
com.example.minima,hGJeugVi9NmcHO+uIR5N3NdZ1g2DFLsrMg8YC6XUvSA=
com.app.abyss,FNuL0A6AUkiZqx0yWZneet+1AszFK4HXNf/E+dyHi4k=
com.example.new_spotify,1MwjuzFv4BCbuQ6MKzaam4aXo40aCVZWrmO1y7x2Tns=
com.gojyuplusone.spotoolfy.spotoolfy_flutter,bzPlXVIL+XnoEwQ+cD0nLWbsXX6jPiC/AbQW0LmVtxo=
com.mapbox.dash.app,XLEJ2lIwcuZOPLfdbotYFE/pYmjEN2AQKxjmn/kY+l4=
razielkatz.gymbuddy,qvf7wjLjB1eLmm5ChqznTSeDkt0eYmHkA5mrMIRlgBg=
com.example.atropia_music,Mye6lxf0YWFG482yIQdwHYhW9y9pzSWHx7LnJeRpILk=
com.josieapp.dev,NgTxM3xRe/hVoEmAcJrUqnwjgmdPSq00kg3KG1LDNEY=
com.adgutech.spotifyappremoteexample,0JenQ60htiqkM4+Y/VZlLz0VHrIKTFkiFIERRqAGMUY=
com.rolo.discover1,GxNuF/uZPJiVEpVxqecFI31v5n87zPJsbs+dGtdy80Y=
com.swipify.cuhacking,J/gRU9lQ5fsQ1gTqlmtHRtorHM7zH/Fhp2HCsxYxRs8=
com.gojyuplusone.spotoolfy.spotoolfy_flutter,8WhQLrLeanieqnoLtSCCl6Pbeze0u8v9pkqS16xbCrM=
com.example.guessthesong,cmCrwPEdmlV3KdW6dfMf4ZCiQzAP0rq8PRfDBISfLTY=
fm.golive.smukfestcopenhagenf87d8a25,QBP3iWh2jmnboOpKjaautBR8jNK733/JEYMWr29N1PU=
com.makro_music.app,HRYhCKCiHeAqzsoSuxuIiykYMfWW6Z0w8pG9vxFoljc=
com.example.nawatobiyouapp,d+bxuG660ZvGoZAh4QxIPN+9XUF80H8J/aAEPExEQCU=
com.gojyuplusone.spotoolfy.spotoolfy_flutter,bVC0CTVJy4KJZNyQWykvn+JzwqetZKAgFKNiW40YYYM=
jp.showdesign.alia,LviCdlQ1kRFetNIMQbaIUsDBW6APuDcsnc2MYECR0WU=
com.example.meerschweinchen,qd0+KNxys9bUrWm1LhENHvRuk1slJcw/Pd5x6COlj3Q=
com.sunbasters.bottom_navigation_app,cb2tYc2LmDxnfG7yYm3W+oma8j1ECEzbY+dlMkst2iM=
com.example.spotifyapp,gQWxOercv0lvXsKUWootN7rCTHgHDizxcOUvNdlxevE=
pl.asztabski.brainbank,deS/yj/UZmvwQM9up4H2/xVGKdzWQKQz4RV1/KP1sGQ=
com.hitstergame.hitsterkoenedition,u9HLqbU0BFkFPsSP07oxDCFppQTSBnOp7LA6q0cj0n8=
com.gojyuplusone.spotoolfy.spotoolfy_flutter,gFFulMOrvKKVFaHK44cQmn7iGddfPUhiVbx3wLQ2Whc=
com.greencopper.android.barsentrans,k1e8wHOn1kgNMbiTNe3miCVkW9lnYnLKTxTSId1Ne1Q=
com.neuberapps.audiobookmark,BmPnmqf1+n3g6FqqtZ4X5dsBVNtcYRXEr73s8FPy3Go=
com.yearthemusic.game,1hG8WcoIcoS8Z3BDvFmvPQ5+aFHFYcBzIrZQH/xiVmw=
com.mobiteka.spot,6wvl5Y9zBewWauF3mCi7v3Ymx7aNek5ldHJjrUNtZWE=
com.dkingz.montertransformpro,5aUDfYFG/u90MexSzk18K+nRR3mIizhZWCvniaAsER0=
com.tw.spotify,qCgBWiCu85+h4H0RpkAf9WHnwKtI2dKCuHhBI2FU0mc=
it.tripix.buddyfit,wO2DZ75vl5BYpwJ9RLUc3Ou3DroCpVRHHeMn1NVV9XE=
com.example.fyp_prototype2,ppldVgyAFa5mPBJv6MxJEAV/AsBFRr3y7O5xzNYzXwc=
fr.skywave.maison,VJMU08YrKygiu6ymiEQnxJHw8UnkXDGjSy9oInO6RQQ=
com.headupnav.remotify,3ig5DBKz+zeoTgVvaDIGJvQmlVNIOrtPqieuzgJWF2k=
com.greenroom360.app.playstore,e8NnHH7dQyOCyy/1jrSZSIlDZQxQN0ZPUDB4Y5Xqv4M=
com.greenroom360.app.playstore,ScilKZjX6gvZ2KTWWsEyf16KKlIppWA6lxJ4VAeUWlg=
org.vander.android.sample,gnhbx8lLayC/Qzyc7zRZBpgnT7M9xiTPltZqD+pRflo=
com.allsports.spotifytesting,eoBAI2mttIzKlNhZDUlvDW34an2Zvbu+b5o+zzwTgQM=
com.app.composerexplorer,yvzM3Bv1Sk5oC+my2mW1Xh9LBOQn/gxHuBsXfGrA0CQ=
loubriat.renaud.speedplayer_spotify,5d+tN/5HFheulGDjnws9caJP6vTyAN319SmgBFdSKbo=
de.myxes.mixes,fs1mv5+vugdz99oOzIL8QA8di5PTMYvVS0tgKTJSPD0=
com.kianoni.reddevilgolf,WC8Ksl4tZg8GFQYiDtsI9/yQvg/fZugzWC/y8sUM7HA=
com.velu.app.dev,5BdRY52LJ6uq+8IoKTSkgcHqbhEwbGSKB0ozS7mDTIw=
com.sony.lsp.swbapp,CyUBdmbUz59F66TQjAdZZVZ0tz0sr0dfiJpALg78wgo=
com.mejmun.goodnightspotify,SPSqAWaCY3O3mPtnVpcYnOtb4mtSDKMo3KYzQ15qYK0=
com.masterdeveloper.eareffects,GOjBHygkupccF12uj0lPx7k+eigl0P3T69Jl6jr9tWc=
com.example.voiceassistant,jGBI66GjTroxcL69k0/4w+d+fzB4cr0hvy8QlY9vlTI=
com.logitech.ueboom,QsVa+b/PimTarT6PH+BoEQaZ9x1fSCsrOUssYMZyoRA=
com.example.trueshuffle,G3rpUY7otu4IqxYWXC+6ahEpOvxRiBr5wQw5VzgCGfw=
com.pgs.mytestapplication,XfiGB7imG86d3jSaRrsMrNWFTM5vZ89c4UA0WaZXTM4=
com.mitsubishi_motors.stttest,oSd8DkTgPi4ujg3qrNeU82UThjQVc3RH0DKQzkBBVzU=
com.example.spotify_sdk_main,ZFxxr3B7n+L3z4Zn33IR1yn6f09wd1KiNwaEfQgWPa4=
com.example.ornek,FNLGp1NXJknc1mcpQ0Y2pFRnVjSaX9qv01du0rvujiw=
com.goose.home_terminal,FeR09uYzJLOGS7LwdUPo3khDJozX6P2cowTw/T8uykI=
com.smitcoderx.spotifytest,Qnm1d9Rt2opuszZtcb0WwkNkBQd/zn1z5Xjb1smZk4o=
com.varirus.musicnotgod,pjGLlPtoR+l/cgn8DbU99trcx7D4IKVAvwamH3W10Wc=
com.rankonfitness.rankon,65NuzHhxyvdjya7PI2UT13/mbKT83HLF+rTDrs0TYYc=
com.headupnav.remotify,QsVa+b/PimTarT6PH+BoEQaZ9x1fSCsrOUssYMZyoRA=
com.gojyuplusone.spotoolfy.spotoolfy_flutter,kDXbZh/7/UDqrBHjmkkZmdx8AhUbrhu5GUo7V5tiHP0=
com.example.biensur,i4yJWcBuHolYh084FzVqcmCPgH7qdwURpiWZbb1HqF8=
com.thebestpart.player,I/E4NNaUT4aODE51Lg9+9bATwxKSYW/ltFhtfTtprHI=
dev.alexstetson.songguesser,nILPXJyLUg9YOwZWWDNmnA/BBdf1FogDny1zA5DZSX4=
com.buoyancy.playback,/u1Pi9RqghE5CQSuhMiX27s/P0bBqHzqTYJTNE9mnJo=
com.gojyuplusone.spotoolfy.spotoolfy_flutter,YXhkyYnCvptNIG1eGOZnY46QM4r59EIKT41o7r/0QvY=
com.gojyuplusone.spotoolfy.spotoolfy_flutter,+j30UPk4+EJstJoL3U5B4YbHtOgjNGHRY19EUUNzsSM=
com.example.widgetsy,/kpiqixyZXOWew4HNHwzgqg05NwGPgujBI7Vi/ylG3w=
com.example.raveware,bmjVFo2nDJ0de1YZFNVR9rbv51vJDcRqIwQN3v0cGJQ=
com.SLAMLab.SoRhythm,kgMHdg10PFO1349rN3v4mfIDkdS+QiA749JJQVdBQ9M=
jp.co.sony.activitydetector,i44LJzPzknCVLzZU2LVv8RBxNhUczpkX8NGLTy1zGBY=
com.musikquiz.app,05fI5KY5zSYpmvPitXGKlkuWWcaWcdY36hHjIIZ0jPw=
fm.tt.boringrn,Nj/FeBCpYhww2GsQi2jTu+pUr0DoSjW7DtQhuI6uGLs=
com.chiasma,3YaUp9paMVsSyNR36e73Fy/U/rmbcYekvbYuMmLbu6Y=
net.poquesoft.guess_the_song,2mrlCHziDpQF4cZlXViIgfkk6DlwxwJNGRwIr4hUAIM=
com.gojyuplusone.spotoolfy.spotoolfy_flutter,PSM2i4DHCvd+IuLb3QtpYO/ObIRcjZjgRHqWU4Q+ucA=
com.example.spotifyclient,9ngutX6N9q2m0UZVREOtNEUF4Ayr4KQPiD8Bgs+04Jg=
com.test.redcolor,K6unLIgMboPiOy2QI3E/SKnvuXjazan0laviq/oJP8k=
com.music.tierdapp,via7EzIVUbI2JsULqAI49o1cjz4/DDe/YpQU1HGdNIU=
com.motionx.walletapp,z+oxFce6jWLpvoKDAQZaF5u8DEN8yJgkftCEtQfTaUY=
com.companyname.myhitster,5yse0jhv/8CxjaPVETHLFeRsNmasYxHxRAZj5Pl8pCw=
com.example.spotifyblecontroller,ZfJ4bngP70e1Yv4RPKO1UQfrawsTPoe0jUcyPsrbOCE=
com.doomboomroom.wavegier,M8/C25jq3EHUdDX3gBW+dDYa8kO2Rklqbm1QgiiwUAU=
com.medina.juanantonio.nfcspotifyplayer,9T6nYK8ccYXqp+W3iW1DR3joh9SmMKgWSvafdIZdTMc=
com.svmundry.hittune,Fj+IUHI3uPLSMBGRbIa43un7w2vdwD7F1Q4db6MqBQo=
com.ui.unifi.play.internal,daGhQDXuojNBbesvaSEmBtrIBV09H9CPq1JYUp9/lCA=
com.stellantis.mobile.app.cara,pb0sjDRq5fx9StA0Qdu4ToqbzrUoFy3zcFmbGsH3p7s=
jp.co.sonymusic.artist.lifeimage,ztQoOhs8Ym93nEYD/PXXvSer1P8tV79AUNI3jwt1rUg=
com.fourhorsemen.musicvault,Ygr/btaVAl4RjTejh7p7NoIBLtritC0tGBTfJIvOJZc=
com.melodis.midomiMusicIdentifier.freemium,3ig5DBKz+zeoTgVvaDIGJvQmlVNIOrtPqieuzgJWF2k=
com.cevo.skipper,sxCQdhUczvs14f2tPevuKYzlv2dpNDzSRb7wFWXvLtg=
com.tabata.valcare,IwMxbDMbAVp7bKuxeKIF4rKn6XgKT3OV27j/KG2agGY=
com.example.newalarmclock,cMBcOoplo8BJFlG+Zhs8NJf6e2qMKyWceXI72EsFP0c=
com.deepplay.ripster,Ja6fM62QvMF45KBUrGOgifwxWX0HrmHYlBkyBf1a5F4=
com.example.sptifydemo,PGrvqgq+WBscTyz40b2+sFraaXogii5VTIjow5/1C8c=
com.example.testapp,PLijJXyzcUOG8ltF1TcLWjEzuL/7oPaNDsOJ8P8DMiQ=
nl.vandervlist.music,NVzVapF5Bjo85jYPa+qP2lt/+M0ZjRdLf/Gl+qPG3Ak=
com.lenerd46.beautifullyrics,df2WTbFLdXZQXX5CGs+MGPl34XPbX/GRM7DDed5eCfM=
app.web.trimifymusic,qCgBWiCu85+h4H0RpkAf9WHnwKtI2dKCuHhBI2FU0mc=
de.pollpeter.jonas.spotifysongposition,tS1yeJkGJIe8aRxqCo024Krppny/zlf+fUJQlbo7Oug=
com.alex,2FzgVNH3jjBKSYS6vJwwK6gtJkmdhPSw5sOqx8GFXu0=
org.kruemelopment.de.todo,rNBdY19l+T1WMuOYkirNrbV3LyQGL/zKCJj2aC2qxJw=
com.example.if26new,p98hVnlEyGpNvMCk66HSU4/qodAUo9xHbC0pf1EeD2U=
com.greencopper.seahearnow,+g/BAiRocjPlzZT0LJw7HHeCuo08kNy9m7war3wV8YU=
com.gojyuplusone.spotoolfy.spotoolfy_flutter,nvKvWicdLfg3WK0w0jKOUp9gNOxvt9J0lzd7Chn0C2E=
com.lenerd46.beautifullyrics,pKN+FtTlXXMZQ3kWQRZHcGXQorsPCVHHq7HaFNL5/lQ=
com.example.spotifplayer,axeXFjlw/nzTH9cCDmUoRfadgRzeUNe54+wGf+X3w6k=
com.myflexifit.app,sDt3i612q1eSmIDCjCBwKV2MvN8abL5gsEr9eQOOjGA=
com.cardo.smartset,qCgBWiCu85+h4H0RpkAf9WHnwKtI2dKCuHhBI2FU0mc=
com.tobik.audiobookspotify,6wvl5Y9zBewWauF3mCi7v3Ymx7aNek5ldHJjrUNtZWE=
com.meetthemusicapp,/EzTmH9op/mB8EcezV1SgOFchai21D7vpc7bVsbq/a0=
com.senseuni.lumx,qy5KOYnSOrRd1SRrUtWbE2PeN82SmlfRUEXxmihAOU0=
com.hauri.spotifyavrpbrowser,G89p+Gb5T0wcUIDh0RkZ+DcHuQdAOxpwSMizWmvgUk0=
io.libzy,Kbi30x9WhIMJThDmjepcEwqctp7VToDiZ49GBuhxZwM=
com.elisealix22.butterforspotify.debug,p1ZK8s0sf/MEZYaa2FgHe3IYnIP49BfRjt4LfD8WRR4=
com.example.powerhour,tjfIq3ivk020f4vRwYZpwKLMK2thTmuUF1UYuHJD76o=
com.entropy_apps.spotigenre,IL6l3GaGZsqABQZJ69V7EKeVajwYc0uPnQ7YQ2dGTGM=
com.gojyuplusone.spotoolfy.spotoolfy_flutter,AfrPFkn+Uy6Y/kRwMiM70tVTrurCi/VHt8Vp6MvyM/o=
com.myseat.unotheactivist,F/ltpy9lmPlxS92rhRuwDS+Dw6GeFeDJvUJTm0awqw8=
es.golang.soundvote,BlBRusq06PLtj1MCy/IBDHnndLprGItgKIlKbI0A/Vo=
com.game,HLcvMsrkbCnX0Qo6Xph/Fc7SET/B0ZpxZBI5Qo2+7bs=
com.example.dal_segno,U+p7V/vIrgn7KTiX683mo05RUeuyNfbSlSce+mvK31E=
com.dating.lovexa,VeIGFrxZ71fwZPLqai0eIknloyLaVuiTVWxqmpypxaQ=
com.fureniku.carpanel,qCgBWiCu85+h4H0RpkAf9WHnwKtI2dKCuHhBI2FU0mc=
com.yourname.alarmmusicapp,yJAl/sDE/X7sWVxHipMN+OxbQVS6dsEqT8SHSFhgYic=
com.google.android.apps.maps,L5uvlY/yRirlyBOFFskkcyw85p707CjkcCNEIFB2i1U=
com.example.myspotyapplication,8bBdEtU3WZvaTPMwkQGR1Re0sr2fmXNF/ma1WkG1h6k=
com.chuchutv.nurseryrhymespro,WC4jCFXTzxJKP47dJvLP1UFTT7vwxhIZMRQ3yJnBaD4=
com.tune.tournament.tunetournament,mFUxK9dtwdzSb1YlyDTi3O74QaRLlqfivPpJRvEF2k4=
com.autotune.autotune,luIhdiu72/ZywNrqAs247BMV/HdTJhtkhhJc+vmB2Rg=
ch.letsstart.hitguesser,YgDIKkTn+//CbGZEvk7/fwc2EiPZL9QDKBxDYD6+cdI=
com.app.isotope,CGDuydfFP27dx9Kfi/XuIkfDoT6CoUAGV/AzX63hedE=
com.example.moodradio,yLt5OWSlRnzFEQRbRWEIR5ZeKzpo1arp8FkI6zAmxQg=
fr.radio,PLijJXyzcUOG8ltF1TcLWjEzuL/7oPaNDsOJ8P8DMiQ=
com.example.myapp,OuhmNxVf91tgWtUxYawliupT7CO6k/ibgSBGOTYDyYk=
com.greencopper.android.electricpicnic,HHA0gNpUqQkjDpglY7WAW8yGMO/DXI3ANNpVkgxs0fw=
com.melodis.midomiMusicIdentifier.freemium,6wvl5Y9zBewWauF3mCi7v3Ymx7aNek5ldHJjrUNtZWE=
com.gojyuplusone.spotoolfy.spotoolfy_flutter,5M6EuFRAj3fFonU6rTp5R5lX1EMvq6EAfpNsXWB5ZF0=
org.avantari.dhyana,LsUh4B8uyBCDEAbSgP526cIiEbWdGS8lVpKhh0MptNs=
com.example.hitster,MvRDALZT0bddwhxbhVGZLrmpfUqOcmz9kKjDKUO6Rgs=
com.google.android.apps.gmm.dev,qCgBWiCu85+h4H0RpkAf9WHnwKtI2dKCuHhBI2FU0mc=
com.example.player,DBKUK08319Z5rfuMsuKp4QhraYGT0GmeagOdu8yh0Ps=
com.kcrw,J709KCW90oUNvXVmZuEgt6LH/3KUVkXaBgZEuhdrU0k=
com.tarento.mobile.app.cai,jPDUW7zT8fP8+SmlJRKdMH+dj89s15f5AsFtoQWNoLg=
com.google.android.apps.maps,IHJSRaXDeYtrDBdooVAP5GRPpBnMIAgSvNluqQHhx9o=
com.ohmibod.remote2.feature,JMqA+zsKTwvbO+y2LgVkmmCEIwLsrLorj7Zwb4teOQk=
com.gojyuplusone.spotoolfy.spotoolfy_flutter,8XGESokbvs+QiAgeiyaCtNBjEM9miXwy06DAy8cckXI=
com.example.app_remote,hoNEl7ufVleTNNjsdr4WlBlAVX/1KLZOZgVxSesfndQ=
com.example.spotless,9CVhBC4anE5F6KKj2xQtI9sEK4W4Yi3ez/f81ImoYwc=
nl.jumbo.hitster,3ig5DBKz+zeoTgVvaDIGJvQmlVNIOrtPqieuzgJWF2k=
com.goodnightaudiobooks,A3T0o2czpHnlUUo1cDgUV6RoDDd7ORQgJ8yx11xj+RI=
me.hufman.androidautoidrive,CfqiaHqQj+lKBYNd3tAlo5Pm7tORyJobdBXrGLsmMr4=
com.feridinha.lovelyspotify,HwjR6jz9hXelx6YO+abywmXlPnCD0vMyDglP1b/2koY=
com.gojyuplusone.spotoolfy.spotoolfy_flutter,rrkrGzBC0vdM/SUEoXLV+bAiL3mFbhky/ojAEbhZpT0=
nl.minedock.ssm.android,OCcwjYj9Jsbxr6reGnjoEijg8X8Ca3PW4jt9YXHWHDI=
com.wacken,Ps7m0RaTpjODZ8qJfyeOt0wjhkfEfPJN4a/WmoGdZWQ=
ch.retorte.intervalmusiccompositor,4rMPn+Gz9j6ezczB0CUEtCZDXGaPWzpj3SHsDp787D8=
com.lenerd46.beautifullyrics,bPaTxRP0Q7ySPwzGMvbzUa4qvWyzSH8f7eYH8Ce4GOQ=
com.bruno.android,YHlorkLKur7KW+0omvuqSrkRPGCUTes5pY9o4XnikAE=
to.dst.qrsongguesser,uVeQRLMHsSHPXKXjfMVUpvQnB0PJl36i4GDbqdx7/DE=
com.cleartwo.spotifyapplication,qfQOdDhHrDgVzhAKJhd6bVIVgyblPD9XlILO5idUw2c=
com.angryapps.angrywidget,hFxLMUEhf4FiCO1uEFoXpozOXTfk7hlwlSQQcC5M4Uw=
com.example.tempocoach,KSofLkpLiueFDPmh46nXD5rGIB2zCZrdYTlhvUTkl0g=
com.example.kotlin_spotify_random_like_app,ph/1o4kB3Bltd1zs1eEdNtXtgykOxPsNoAutFyD/IA4=
com.greencopper.rockville,kMsVwyo+YZw08qzvERI73TSNzCEeFp0feQE5+pebqqA=
com.neuberapps.spotibooks,IHJSRaXDeYtrDBdooVAP5GRPpBnMIAgSvNluqQHhx9o=
com.baby2bodylimited.android,FuMg1/JKYsNpCvGLpHwtxdh4RL/k4uJjDEswjQQFDs0=
jp.co.sony.hes.swbapp,17rF6ocGutxR/f0aeB3oHlUTsMOXSo3nXr02q6TTlHA=
com.gojyuplusone.spotoolfy.spotoolfy_flutter,Lx6nlM43KQx0b7ZfquomAKFwkDXv50xhIngN0RDuWvs=
com.example.androidtabletplayer,MIU3ynnrPb6eWmgTkTCLuQ47tZgHKJgWYWObZbt5jvA=
com.arlomedia.bandhelper,DHELAhmHCpGM2TcqsX05uiyT87CUv4b7uqKDt51AbCU=
com.example.reproductor_colaborativo_sw1,o4huWsmQcH7W0+VeRfOq3xYGqiFDeTu5M/xLVGQDjdg=
com.atoto.speechtotext,1PziBb/9UvtgvRG7EArfKUtlepw7tvO31xKUYLUsFWo=
br.com.correiodopovo,bR+1znJYfe1/Iz/eD3+nLUYMgIN8j+Kbf/c4fn4AuNo=
net.controltechsolutions.sportsboard,oBtIEUl8X9IgUvsLL77BQTHmfWw4l6OYGt1iMjh79cI=
com.niki.spotify_pp,KLGe+UvrwslZTH7xaYC49O9ERil8quo4DdvFCN/j/ZA=
com.studio.era.app,/Q49gdoYZ1yqW1a6OakM9jrzFbTEKoq95LgQWB4LLjk=
com.testharmoniq.max,DifcEnvBRNS/V6WFYSey+rWISkQdjiamddmmQFwwh5E=
com.logitech.ueboom,4rRWZ1HpnD3OOeCkPkDEeKCZth8BMeGyOljgrf4Jo6A=
eu.xy3.europa,mjYM+vT8WkJFOmUiMpnIcPvi2MrSbzK9oB+NvKtZjTA=
com.mk.sign.spotifyv2,4C2qLNwzq9aZe+jioMK09GEDNLM8QsjhQC/MIRA+DRo=
com.velu.app.qa,5BdRY52LJ6uq+8IoKTSkgcHqbhEwbGSKB0ozS7mDTIw=
com.logitech.ueboom,/EzTmH9op/mB8EcezV1SgOFchai21D7vpc7bVsbq/a0=
fit.sudor.luke,4+FGP8lyGXHfjt1CDMNXageDsy0asGiXQZSbb8dALgg=
com.gleac,X0vb9LcKOMWgrThdUnnNelNTIlXEFvA0WDjZBSB2z/E=
com.lenerd46.beautifullyrics,zsblYHR5+9mZvwtxjtXheZBh8X97yMqjrvTRYCUC548=
com.headupnav.remotify,5IXJOCHcN8KeWLvD6UoPSzAEl+2gEzHzHsm1L26QLNE=
hp.cliofy,ESsg/xAKiH1vCcettu66iFwdchBx1hMiG/9yKEJ1NVg=
com.thorandresen.sips,rWkTLbS9j62O0gWJNawUiZH07OruMLqRshckKS+OW/s=
jp.co.radius.neplayer_asus,kGmzC64Kq8Weu/wKjCmSFQ1nee6bVmzu1XmFf7nHUOI=
com.example.pautoskip,TeL4S8zP3PKB6cvBTsZLk6C0KwqMyfWUafrkasc64pE=
com.example.test_spotify,U+p7V/vIrgn7KTiX683mo05RUeuyNfbSlSce+mvK31E=
com.github.b4ndithelps.wave,BG6A+EnX+eke7D/H/U12XjaeATk5SuW0V3kejvIWTns=
com.headupnav.remotify,OGtY/AGMl2z0E46TLQjUycidYeYuMsD1RIHr+kHhMWo=
com.myseat.bodycount_official,8EZAX0PQpJzFELhqBvFQ2zAWrcq/U979xtdkBBH58kc=
com.zanettistudios.smartcar,JIoTpkOTT/g1My/D6C0JIfb3dUyexud2kvdKikcTlow=
com.example.myapplication,27/QzhS2xvzZW7Smd1I0bx2RIt6SGS0iY3nfDY3EZ48=
com.greencopper.ehconcanada,QBP3iWh2jmnboOpKjaautBR8jNK733/JEYMWr29N1PU=
com.google.android.apps.maps,EsZYrzhujmQmBGcj2ZRhOupYCqGwT+IeFT11zwKmfiY=
com.example.guessit,V81hg2luDT2KpNYaWb61jOaR2qtjPS2mHH87//VUdrk=
com.alibaba.wow,Vk9pShzflvo0uv8oejNJjW8bkSo+OxyVh0WTy+jw4RA=
com.dofun.variety,tsYeHFQ/EmiKtRTBy8Tr7HzNY2yQDdlnMGUG8hhWMCw=
com.example.test.spotube,L9zxArR4IpvE51Q2b0DeXVuMDoV0mZW0RsaG1dgrod0=
com.umusic.musicbash,CddsBKweBM4AWZUhcfoxhWRpDA9402oRglBja8BKfAI=
com.gojyuplusone.spotoolfy.spotoolfy_flutter,ST3CKQj8Nbj1B/TtbjGG51xNYwueI44hpYc9kRJBsVw=
com.gojyuplusone.spotoolfy.spotoolfy_flutter,mCC/1wVyJmnt+57JC7vUGIP9Qq0AE5DF1XC/GE2hD5g=
jp.co.sony.hes.swbapp,+yRQiA+AGVhzwaCaeLX7Rom2GoIUbtP8bZQ50PCx2uU=
com.example.untitled,1B8FcPsyiIrYQ4LmJpc5r3IQ2V33Y/I92A50ZEfcGRw=
com.bunker79.spotifyremote,5VcYbyBBLOaun0TDqXvB0exa+UmhQ0ShwQKsgD3D/O8=
com.lenerd46.beautifullyrics,JkI7uwLx6lxFQmsW2gxPrAXptQqZ7fd7o7yOqT84h8k=
com.musicow.us,dKLJtVUyc8SWEB2/Xbw0Oib790Q7cb4htysvwgBgG0o=
com.mickylinx.micky_linx,InYOLiZsrOupgSNT2INF9/ub6aRmyadHVyB7c5k54i0=
com.example.hitzz,6sWbCdN6cMCYYTc5TuFk0W2KWKVQN09tgq7x5QSGzIc=
com.example.untitled,X7CWmQL4gmVsHqz7o0gTOxkvUh5RqNsMZ1WFLAraP4A=
com.example.myhitster,LzbLkpXQGu3yjJ3onQozeNf/ON130U238NbsTU5fDxE=
com.dci.dev.ioswidgets,sT/trwbVqBn2wN1Wf0Gl5+JIcouZ2xpawcjnFrrbG9c=
com.hister,ZGW3z/LNEYcZdxFEtX5o80aA42EIPD601ttkFp1GuX0=
com.adgutech.testingspotifyappremote,8XTAyZbSAch7TdDBWIehjzVb5/aNKfoqAYznbdqsjCA=
com.waze,AT7cELoB7ptZy35LfwK1bT+4vfAJe6CVbEqpEPr+ZWE=
fm.golive.findingsfestivalf7c740ab,O7EL6YExSKoy5e7mp7g0cUF8dLauwuqjOOvHgFw2rEQ=
com.gojyuplusone.spotoolfy.spotoolfy_flutter,jNLwvMRfyP4Q8Z19DxpQiKtOq3Q3Z76ot3tQk0ItXgU=
com.tyt.hamonize,S47v76nCydGEQR/c62yLd+xeeaLoe00CK+NOzrX5BFA=
com.app.naturalhigh,zTNMm4Y2moGV+H8py1+evWkQUwFt75l/6sk2Xa2d0F8=
ca.doophie.sceniclauncher,goVgg1bl/hnMTZgQTvBLaERoz6lO5ULQu6gflEX8ZlY=
com.malcolm.spacemusic,K6unLIgMboPiOy2QI3E/SKnvuXjazan0laviq/oJP8k=
com.gojyuplusone.spotoolfy.spotoolfy_flutter,wTDe6XD/GXEr5sGjkDD+AhAwRDp6y+KqSkIMvLKdHkU=
com.greencopper.pulsognp,y5OlqSAR88uD9OqKJLWUKC3z6QadTBEU1AUt0hWqW4A=
com.smarty.voomvoom,MpKgXnpRLpnjeYq4zoKzI2NleUNhoPIJkFOPBf5HWxM=
com.app.spotifyapp,0mF3acWfe9L6oms0SimPVF0fHDksYx7M2Dg+wmBY7ww=
com.example.testingspotify,FmGDWti6KIXFoNSPqgOvYItTPUC2kl5eZ6QX6bEzFsc=
com.tuumradio.app,3KLGPbC6C0Bf+z1evqWrbtJVSzU8cT3bTSn3VoFdLQU=
com.gojyuplusone.spotoolfy.spotoolfy_flutter,StwZxJqcLGSIxZ0vTAC4cBT0UqzXwt1BHgGlsk0VMCE=
com.tobik.audiobookspotify,gi3iRplN/9wWRJRUd1AXtlHdrRqncg4JtpMs5hgPs3o=
com.arcx,qp09ahJaTDPYnnnfhYcSnBfc+oZedyecVJo9irZyhrY=
asia.eyekandi.luucy,tMBSYTfSz7sNmfXZVy6P0oQyLawlVyGOxeAZNjceMrg=
nl.jumbo.hitster,okr8stigG2BCoQE2ZvM/nSVa8G/OopMYqN+pmaGlJ4A=
com.google.android.apps.maps,cx4heQ19tf4pooYTgZ3uid6Xv7JlhSZWwyGwNr77ohk=
hu.heltai.partytime,EGMnDrDPipeHrPu8uLGqvPSlN19SAdkd8UDlt+FxFV4=
com.example.rhithmfit,4H6ub/ik/CFCvWjPldORkyc8bHTRly8u3SrVYQhAe1I=
com.avi.composify.dev,7dag1h0b8qb6D7JFdmuIV7mvHILpILoFfn9o5zabGik=
com.bloomzone.spotifydj,fM/oIbJmvsADiiZBZn0HZo48aEakUz/AvIom1MzZbuU=
com.lenerd46.beautifullyrics,0wutoQK/7CpvigT0cNLojfG47jbRvmeqEEm+XzdyLGE=
com.greencopper.tidalwave,P33g8mrc3GVqR+HcJAnA/HuxT8ygid/itsSW+1mK/eE=
com.mk.sign.spotifyv2,Ohdvk4EOOdIvdKtnvbchbJR5wxEOsJ8TJNqeSG5NG6U=
com.example.ebadge,kXCHKQZhEiuoOKp5zzWHvTvzhPC3kVAhSL/VR7v1hn4=
com.brooksee.everywomansmarathon,2DIJlOM9c4ZcEwMvjOZRdMd3ZKeOuyCkskNTO0pmKEY=
com.biomes.app.biomes,D5m2KFh8SOzl4Yx+gMnQFJp77hMCjcUwbNuI8KxgV/g=
com.raver.app,rWoHGmklxyPTFh5Z5Ycx0mbQieEU2BJbERb6FdMWrFM=
com.example.musiclineversuch100,UxVpxPb7fJ46gMljLmMAmdAbPvNAke4WQKzRM7VBGLs=
com.headupnav.remotify,x+EBnUT2dJpKFvvYapX6HDh2DkuEMwsdS9TXvg/JwrM=
org.froggy.musickeepstogether,W56OUwtOwcr3qXCzIwhdwOZZwvZLYGYGUwHn2WAfQy4=
com.example.simeonslifesupport,ffC4DlwWDbZHDCP69QXwyZ1MJJXbAMV+5H+2hTP+LCw=
com.greencopper.swedenrock,O7EL6YExSKoy5e7mp7g0cUF8dLauwuqjOOvHgFw2rEQ=
jp.co.casio.CasioMusicCity,6wvl5Y9zBewWauF3mCi7v3Ymx7aNek5ldHJjrUNtZWE=
com.example.hitster,b59rsD1ylf2z4pydH6B4Qx1F9cDohVYuXlrgtww2RAg=
com.gojyuplusone.spotoolfy.spotoolfy_flutter,go1Pn+X0lZ/gOdyeqEDLg5PBmPxVX4bodmLnMKaMwVk=
nl.gussio.trackqueuer,0I6uHrsSW+7AnTLhTdjLtx775z4HGD+GfxGBTjKEKGQ=
com.neuralpositive.app,RAGn5lAhCp+Gr/8UZT4ytaXK9ZQotFxACN7+vMYTD0Q=
com.webster.roadtripdj,MVIgWnvuemiNZUO8eLAKjDqq+y6o0cjzZlE4JDfG32c=
com.ajnalens.lenskartb,sTWoHcJ0fFu6EgQN7YgBZeoroBxI/2C3ykOIN9loYBU=
com.gojyuplusone.spotoolfy.spotoolfy_flutter,UpkZZBjv2NzF1+J8M8qiFkK0lYEVqVeEBVhPipM7yic=
jamessu.voiceassistant,Cysauvb49uZ+sWa22b8YYqxmDULpqMTEZD62KSfSuzY=
com.greencopper.watershed,r1VuyCvVSexlceZjKXPmdn7CUCTSo6aoK6POPrF5h+w=
com.gojyuplusone.spotoolfy.spotoolfy_flutter,OnYoJezqSvGU5Prfw4PpUw8Y5uS8FjTopslnw9OljZ4=
com.gojyuplusone.spotoolfy.spotoolfy_flutter,/GWv7SU73a4ShjPmcS3uqHcij6xjyxv3tWgEvml6rss=
com.txznet.txz,tsYeHFQ/EmiKtRTBy8Tr7HzNY2yQDdlnMGUG8hhWMCw=
com.beatlrc.android,z7vphvkFqc35qGmHzSdbKM19ORnqfApNZ1r0QHgoBG0=
com.google.android.apps.maps,lOPHqOdB73atIXugcPL+AU1TPBx8SQ768wYBmYjjmFo=
com.gojyuplusone.spotoolfy.spotoolfy_flutter,axUhz+TlD+viM7pzjo5uylNOPXxNHFexkxirVGqWfo4=
eu.eneman.rasmus.hitstr,0R6Eg8DkY14mW1RRoWCRMeFeziiYqx7wINwxbmYOCFY=
fm.golive.hsba5ae28c2,y5OlqSAR88uD9OqKJLWUKC3z6QadTBEU1AUt0hWqW4A=
com.greencopper.android.hellfest,gQvVMY8y9Xo9ZL9BZZ6giNnFxIWFESkZzP69eP3VtAg=
com.example.songbingo,rX+pS94j4EuDzR7on/ouLKTmJdhnI4DiVM2H7xf1dW0=
com.greencopper.android.paleofestival,gQvVMY8y9Xo9ZL9BZZ6giNnFxIWFESkZzP69eP3VtAg=
com.poolker.vigipool,RSpB8K8K6oVH9V7fhCrvKcI5hOPa29EiGCWB9w+TMG8=
com.makro_music.app,/UDbSHTwPGI7i5/7yWXQsuSGXjvAepot4HGsAdENusw=
org.virock.virtualshufflev2,qCgBWiCu85+h4H0RpkAf9WHnwKtI2dKCuHhBI2FU0mc=
com.sal.pixieplustest,MNlNElxn05VdYOkXTrPBo2EShMUrq0wtAOBzPlo3YBI=
bilal.altify,J69KTGeb9t75LG92gOzZ3uVQc7PprX4pHstG/xzYdSw=
com.nc.bd,N6pp+Q2eeiZi1DcaNEQpcj+GuoybPngx7sIRCJ3DlRg=
com.example.vibesapp,/tFc18ggBWWeJUh3/9wWPjquQ73sb3xptyD/TLmIN+U=
com.cs22sw807.smartphone_app,MagMkIdUB2FyXSGVe6TglGSpgfNK06rdZM/6NALiHLI=
com.flux.music,byLjFzb3/YsjLq44+gJbLSPUDcyEVtAhHbJY0KMW2EQ=
com.urbandroid.sleep,3ig5DBKz+zeoTgVvaDIGJvQmlVNIOrtPqieuzgJWF2k=
com.example.sportify_chatroom,AZrv+jgzI0qZC7261eZfRgxrJoHyQgZzRz+enDi1qeY=
com.ventura_earth,L5odz5i2vMvfzB569chMvPdAD8Sp1NinSDCVfAVofek=
com.clovermusic.clover,yxO4UjlLpJIJznoBe8mWms1SM4k5kzprWI2igynefS8=
com.example.wannwardat,/QG4YtGm/eb5eAjypRkrXgm89j8MXvFVHrKn1SOQPcw=
shai.slov.spotifytry4,m7ZkpbCJtpvXOE+/iHIL/ffB/+FWTRp7N64Z/4h+xWg=
ng.mtn.mycityapp.android,dgrGYq6egGfzyMdAnv0TXa70eN9mAItw1CrZoB+j1j8=
com.groovsense,XPnBJUJUWG1oJ/hSKN7KqE2/tCBfwU8wMk8PwPc3nbg=
com.malek.alarmamore,6wvl5Y9zBewWauF3mCi7v3Ymx7aNek5ldHJjrUNtZWE=
com.bajajmychetak,/ifBd7RgXjxhbf2fDqc8PGUT7pHWtNvAlLt3HTg5IP8=
com.example.spotsdk,+5UQICM0KBXTfCGOFllIhftvq2WepMmkCrXJvFCZVLs=
com.headupnav.remotify,xj67gS261rEddH6ecGWlaxSq4VJKzt6sjoRhbtgtHyg=
com.google.android.apps.maps,/ifBd7RgXjxhbf2fDqc8PGUT7pHWtNvAlLt3HTg5IP8=
com.example.amicareapplication,xxRTY4c/dJBByN+MuURI1D/tlhLBZs4haVrcCN7XNk0=
com.gojyuplusone.spotoolfy.spotoolfy_flutter,98GAfnRilLLz8wT3Wo8XHt5wR+JdUIIqwmr9V8QXSyc=
com.makro_music.app,qCgBWiCu85+h4H0RpkAf9WHnwKtI2dKCuHhBI2FU0mc=
com.dci.dev.ioswidgets,x+EBnUT2dJpKFvvYapX6HDh2DkuEMwsdS9TXvg/JwrM=
com.nightlife.crowdDJ,DC0N/PawJbEyBOTpIXys8cu8PNYh8fwFKdICSgom96I=
cszsm.meikev,CxplU1DM/wo202eZImRJOMP7Y8ZR1bzJHht4MK/gAa8=
com.example.songster,+Z/SykNvFP+KSuxly5Wo4aW7ZYeyqe1S5m3ZMB49E7Y=
com.example.utku.shufflemore,j1LOcbq/+6fRtd82nTkY4FMYJ6N9timtSvhx6yjxGCA=
com.prisaradio.replicapp.maximafm,CFWrppJw2ygNfWRTFvJ16IHgZVevYoa8H5NdqARQhYQ=
com.example.s17.escopete.stevenerrol.arpeggeo,cj8/F7hYOmJZyv7J/6HN0MZGQAqRioJ83VMutcBtLvk=
com.example.frontend,1WYMao2eA3A8mar3+XQl1duvP5AxUnALAqRq71YN6eI=
com.maple_exp,P1UOp0ok9qTrpKaRuMi5eEjNxUYD0ehZEKeKLhGTZ24=
com.myseat.jonathantaylor,F/ltpy9lmPlxS92rhRuwDS+Dw6GeFeDJvUJTm0awqw8=
com.greencopper.lollaberlin,lAFLrlwKq8sYLlwk6NdEL7P4eVE6/45ubbgIm1SdkBo=
com.example.cj7_companion,wI96boQw2VYIXrWMsFkI8/gfKoE0QcBIunPdHuowZOM=
com.example.hitster2,xT1VXuKKFsz470ITTAuoZbdbWSkPy5L7HXOdv2NvmDA=
com.lenerd46.beautifullyrics,++7jE/9iFuRaNK8ZmsThk55bJjMkcU1GOjQNW2BWuPs=
com.relpat.relaxingpianotime,HG5VNNiKV9ZFuk7n7FA4hNIyxSnmjhzRx8O/rbtsv94=
com.google.android.apps.maps,99PENEwqf0X7KCyzTHU7zVMuAtxtDaqk0StLGAivuic=
com.google.android.apps.maps,kLL3jb5q+KMwBqwJlrpua+gwdOFFDjEyky+ihEc4Hsw=
com.greencopper.atasteofcolorado,+g/BAiRocjPlzZT0LJw7HHeCuo08kNy9m7war3wV8YU=
com.example.whatsong,0vs/lxbTQJnGK+3AjklN9bA2WNzJTvTuuDFVTb0JOx0=
com.app.parcel.dev,QbH/YiJj9FXbwCVwW5U0hULZovmT3DULbBh+S2TjMXA=
nl.jumbo.hitster,6wvl5Y9zBewWauF3mCi7v3Ymx7aNek5ldHJjrUNtZWE=
com.example.spotify_app,69lfcqvgOoWe3lFIGRSpofZk9Ozuq5mtlcJJ4qHD/qY=
com.cyberneticentertainment.luminantmusic,0jRoPM35Al6UOPt+UJS8JD/dYeLDIWcRUpYrwImwQSs=
com.mobiteka.spot,qCgBWiCu85+h4H0RpkAf9WHnwKtI2dKCuHhBI2FU0mc=
com.google.android.apps.maps,vWNhLwzNxaR23Ch940vRD8iy/dDu/x3bHGGl+b5EW7k=
com.nightlife.crowdDJ,3ig5DBKz+zeoTgVvaDIGJvQmlVNIOrtPqieuzgJWF2k=
com.example.lucasplayer,Zr2qD49kkR3vCq4gIsf4cb1AxDEeThlA7B9qISDwcNY=
com.example.spotifyapitest,/VmTbCC4DhMoKIw2NaLnZE3aCXweJNdKHNhaMFwbVU0=
com.bergkarls.dancetraining,NnhcdbSNKvFJIiO8eT1k1ogrODazcJHJZo72Rrmo9ek=
social.nextus.hitster,j/JVRSSSk2j8TXFX2KufSAAPSf8uzb5nm3zwBW03LWQ=
com.slowdive,xU3audQ7ZH+VbwkpQsv1eYmvDkNxD/CU0IZXr3eqkyY=
org.vander.androidapp,gnhbx8lLayC/Qzyc7zRZBpgnT7M9xiTPltZqD+pRflo=
io.podiz.app,AAbv1JC0Qgha3ND3RY0/9tk+8YGDUVdinC4AcbBP/kk=
com.oogwayapps.spotify,YMJVJMDrL3EmHno1Sd9X7aJ1Zx4fG7WmDPfmt7hUXSU=
com.google.android.apps.maps,qE7v9zwkyFPBEfOqFjBUkIMnu6EIewWAtWek0fN4Poo=
com.spotify.android.appremote.demo,0qGbCAVWW7MjYj+uVOeFjrHMgzofAWBuih+1NmI0SPQ=
cn.cayin.dmp,Gdxz7AK9YTqsVPo+WyYGJZP143LXUuNoFuLkGIlg7CU=
com.scuba156.carapp,qCgBWiCu85+h4H0RpkAf9WHnwKtI2dKCuHhBI2FU0mc=
com.tbdx.xbloommusic,BIUvXGEIhv6Nul6eG1FtBdkbOQEQ843CyGZUX3wGNQ0=
it.justanotherbrick.juky_app_flutter,aZ5MXxIVo9b1olK97RbUjECBmOLTuOvTkxZW7C353Vk=
com.mechurao.vibe8.app,SQWfXaiYjjixP6D9ff/VBBjOmsqR07SPbOaehWiJD1Q=
com.androidtestquentin.musicalquizz,JroKsBLX4TJTgR6SqVRLUFUgyQr6TNvPcwPLJHx4slg=
com.google.android.apps.maps,Z8F/sxPe+rjUa5u/VKksR439yciGj18lrPEg43WXNxU=
br.org.revistaopapel,tUV1XEFHHVZV3oeFcxyyFCpXMJ7u/ogmJAdJYRjB6K8=
app.meyt,N4VHz+28l9bKzY/UPDmG8GJ7iTmO7mJp6AhsNaBiMjk=
com.logitech.ueboom,cx4heQ19tf4pooYTgZ3uid6Xv7JlhSZWwyGwNr77ohk=
com.yallain.caros,M0zjGFW+4kZobsCZePNj1bG7kl5rdUCF3OVfSepC9G8=
com.sec.android.app.clockpackage,7hh24Cw3fToMcMkfjfYZydc4L7IMhRpAAXPq1Pt/UNU=
women.workout.female.fitness,08Is8Ky1hSf3io2F4glBrtQzavhUPq6pjp92BjbClFw=
com.example.lilifly,8X3/v9aYhe1hldopDcRd+XU3c7rlSrR+N4RxBIXRtww=
com.thelosers.homeworkout,lXQdyNyAxAUx9C8HzFYtJsSBjLX0vKvuqWvTP/4tuic=
nl.joragames.qrmusiccards,xKvtUK9q7oTQAyPSnNrp/tu5biHkBZOjXTanrNutD0Q=
com.todai,imvDbRXRLIrfCx8hSREHIJRUByiUGh1ZRt4Bu5jHoZI=
com.studiosol.player.letras,4C2qLNwzq9aZe+jioMK09GEDNLM8QsjhQC/MIRA+DRo=
com.wiser.wiser,XwZKaC1QlvidGkIT+MIx2Ea62irIBcjUfjgco4li1Ko=
com.gojyuplusone.spotoolfy.spotoolfy_flutter,7Fz2tMAoIJSLdwEeT2DGpiqf/xozt/CxHIP4XzAiLCk=
com.melodis.midomiMusicIdentifier.freemium,Ohdvk4EOOdIvdKtnvbchbJR5wxEOsJ8TJNqeSG5NG6U=
app.charmy,2IaSBkkHPhfPacpjONiRIIk9hBwLe8Dl+wRassrr1io=
com.yourip.app,+1zZ0M0b8VbPYltssXKUlu4gLg0JfmL8oCdwnb+pov4=
co.abetterhome.lighter,98aDRHoUZyfBx9+qbf3aaGGsOG8Sj1gM83fEtVzhxjI=
tv.uscreen.niaondemand,tCC43Opp328G5I1tYeKtT2BR2hwZlD80uPzqulSMUS8=
de.cinca.mixtape,2pwn0LfoSKXSmoLOYRsfkd16cJFugGH1pZ5IB5oXXk0=
com.carmel6000.songo,j4cFwbjVasI86DXvAeq026oBAz5vDk6F9Tq0sZDKQ0c=
com.prisaradio.replicapp.m80,CFWrppJw2ygNfWRTFvJ16IHgZVevYoa8H5NdqARQhYQ=
com.google.android.apps.gmm.qp,QsVa+b/PimTarT6PH+BoEQaZ9x1fSCsrOUssYMZyoRA=
me.hufman.androidautoidrive,3ig5DBKz+zeoTgVvaDIGJvQmlVNIOrtPqieuzgJWF2k=
com.logitech.ueboom,OGtY/AGMl2z0E46TLQjUycidYeYuMsD1RIHr+kHhMWo=
com.myseat.iness,F/ltpy9lmPlxS92rhRuwDS+Dw6GeFeDJvUJTm0awqw8=
de.petertennert.mylinedance,+4HpCpmTBrsI6GDv+lXhiPqsf6u9q6km5EKTyvxH7YM=
com.costarai,L4KjnhAv8jOc3KmkBxobDMnzoENQKfjRixtzOBbw02I=
com.syncromind.syncronology,NIqNZ3EeVwUyraGHq1/jQ7zXVPqcx2EsI8nenO2PNqg=
com.example.untitledmusic,RssDUmPH5FyLIrUgtTxAjP76z2N+iv0PaMDV5LC9wrM=
com.dofun.variety,a6VwzXeJ+lyqMLl4qPKcuYgamBo+DRi7uagJh9wURJw=
com.example.heart_song,PEZAayCecfIr+ORM2txwjiIPfUJ1REBkfg/4Md6Bovs=
co.benx.weverse,6wvl5Y9zBewWauF3mCi7v3Ymx7aNek5ldHJjrUNtZWE=
com.studiosol.player.letras,6wvl5Y9zBewWauF3mCi7v3Ymx7aNek5ldHJjrUNtZWE=
com.gojyuplusone.spotoolfy.spotoolfy_flutter,D0uBPp4CasY0bXbRLEuEbjP4M1qhuk0/p4KFo31y9Uo=
